Signal Region,Sigma_95_exp (pb),Sigma_95_obs (pb),Efficiency,Stat,Sigma_theoretical (pb),SAF File,mT1 (GeV),mn1 (GeV),NNLO Cross Section (pb),k_factor,Signal Strength Obs,Signal Strength Exp,Status Obs,Status Exp
IM0,5.3692287,6.7993889,0.1056784,3.76e-05,5.650647,pptt1jmatch_run_01_320_310,320.0,310.0,7.13,1.2618024095293865,1.2032938705957035,0.9501971544143528,Included,Excluded
IM1,2.9178038,3.6449213,0.0780404,3.28e-05,5.650647,pptt1jmatch_run_01_320_310,320.0,310.0,7.13,1.2618024095293865,0.6450449479502082,0.5163663205293129,Excluded,Excluded
IM2,2.0534066,2.814823,0.0551724,2.79e-05,5.650647,pptt1jmatch_run_01_320_310,320.0,310.0,7.13,1.2618024095293865,0.4981417172228242,0.3633931831169068,Excluded,Excluded
IM3,1.4690859,2.1672634,0.0386939,2.36e-05,5.650647,pptt1jmatch_run_01_320_310,320.0,310.0,7.13,1.2618024095293865,0.38354252176786124,0.2599854317567528,Excluded,Excluded
IM4,1.2319086,1.9551962,0.0267601,1.97e-05,5.650647,pptt1jmatch_run_01_320_310,320.0,310.0,7.13,1.2618024095293865,0.34601280171987386,0.21801195509116034,Excluded,Excluded
IM5,1.1037357,1.6806788,0.0130113,1.39e-05,5.650647,pptt1jmatch_run_01_320_310,320.0,310.0,7.13,1.2618024095293865,0.2974312145140193,0.1953290835545027,Excluded,Excluded
IM6,1.1845288,1.7376408,0.0061495,9.6e-06,5.650647,pptt1jmatch_run_01_320_310,320.0,310.0,7.13,1.2618024095293865,0.3075118300612302,0.2096271099574969,Excluded,Excluded
IM7,1.202066,1.4101869,0.0030013,6.7e-06,5.650647,pptt1jmatch_run_01_320_310,320.0,310.0,7.13,1.2618024095293865,0.24956202360543844,0.2127306837606384,Excluded,Excluded
IM8,1.2463547,1.3290982,0.0016088,4.9e-06,5.650647,pptt1jmatch_run_01_320_310,320.0,310.0,7.13,1.2618024095293865,0.23521168460885983,0.22056849419190402,Excluded,Excluded
IM9,1.539365,1.4397674,0.0008279,3.5e-06,5.650647,pptt1jmatch_run_01_320_310,320.0,310.0,7.13,1.2618024095293865,0.25479691086702105,0.2724227862756247,Excluded,Excluded
IM10,2.0040229,3.0961206,0.0004656,2.6e-06,5.650647,pptt1jmatch_run_01_320_310,320.0,310.0,7.13,1.2618024095293865,0.5479232024226606,0.35465370602693813,Excluded,Excluded
IM11,2.5461271,2.2725759,0.0002221,1.8e-06,5.650647,pptt1jmatch_run_01_320_310,320.0,310.0,7.13,1.2618024095293865,0.40217976808673417,0.45059036602357216,Excluded,Excluded
IM12,2.531897,2.0067059,0.0001383,1.4e-06,5.650647,pptt1jmatch_run_01_320_310,320.0,310.0,7.13,1.2618024095293865,0.35512851891119723,0.44807205263397265,Excluded,Excluded
EM0,13.3268237,14.845205,0.027638,2.01e-05,5.650647,pptt1jmatch_run_01_320_310,320.0,310.0,7.13,1.2618024095293865,2.6271690657724682,2.3584597834548857,Included,Included
EM1,5.5786767,5.4248307,0.022868,1.83e-05,5.650647,pptt1jmatch_run_01_320_310,320.0,310.0,7.13,1.2618024095293865,0.960037089558063,0.9872633523205395,Excluded,Excluded
EM2,3.0252565,3.0121893,0.0164785,1.56e-05,5.650647,pptt1jmatch_run_01_320_310,320.0,310.0,7.13,1.2618024095293865,0.5330698059885886,0.5353823199361064,Excluded,Excluded
EM3,1.946935,2.3541435,0.0119338,1.33e-05,5.650647,pptt1jmatch_run_01_320_310,320.0,310.0,7.13,1.2618024095293865,0.4166148584401043,0.34455080984531505,Excluded,Excluded
EM4,1.2730902,1.793097,0.0137488,1.42e-05,5.650647,pptt1jmatch_run_01_320_310,320.0,310.0,7.13,1.2618024095293865,0.3173259628499179,0.22529989928586938,Excluded,Excluded
EM5,0.8940129,1.0869987,0.0068619,1.01e-05,5.650647,pptt1jmatch_run_01_320_310,320.0,310.0,7.13,1.2618024095293865,0.1923671218534798,0.15821425404913808,Excluded,Excluded
EM6,0.9214695,1.2851113,0.0031481,6.9e-06,5.650647,pptt1jmatch_run_01_320_310,320.0,310.0,7.13,1.2618024095293865,0.22742728399066514,0.1630732728482243,Excluded,Excluded
EM7,1.0356089,1.5121816,0.0013926,4.6e-06,5.650647,pptt1jmatch_run_01_320_310,320.0,310.0,7.13,1.2618024095293865,0.26761211592230055,0.1832726234712591,Excluded,Excluded
EM8,1.0408421,1.1883963,0.0007809,3.4e-06,5.650647,pptt1jmatch_run_01_320_310,320.0,310.0,7.13,1.2618024095293865,0.210311544854952,0.18419874750625903,Excluded,Excluded
EM9,1.3474061,1.1438646,0.0003622,2.3e-06,5.650647,pptt1jmatch_run_01_320_310,320.0,310.0,7.13,1.2618024095293865,0.20243073049864907,0.2384516498730145,Excluded,Excluded
EM10,1.2885874,2.740064,0.0002435,1.9e-06,5.650647,pptt1jmatch_run_01_320_310,320.0,310.0,7.13,1.2618024095293865,0.4849115508365679,0.22804245248375982,Excluded,Excluded
EM11,2.6127956,2.9330594,8.38e-05,1.1e-06,5.650647,pptt1jmatch_run_01_320_310,320.0,310.0,7.13,1.2618024095293865,0.5190661175614049,0.4623887494653267,Excluded,Excluded
EM12,1.851,1.4693447,0.0001383,1.4e-06,5.650647,pptt1jmatch_run_01_320_310,320.0,310.0,7.13,1.2618024095293865,0.2600312318217719,0.32757310799984496,Excluded,Excluded
IM0,6.4232053,8.1427388,0.0880915,4.04e-05,4.077258,pptt1jmatch_run_02_340_310,340.0,310.0,5.17,1.2680090394083476,1.9971114901240001,1.5753737683511813,Included,Included
IM1,3.6069436,4.5367608,0.0626572,3.46e-05,4.077258,pptt1jmatch_run_02_340_310,340.0,310.0,5.17,1.2680090394083476,1.112698975635096,0.8846493403164579,Included,Excluded
IM2,2.7665325,3.7988516,0.0409874,2.83e-05,4.077258,pptt1jmatch_run_02_340_310,340.0,310.0,5.17,1.2680090394083476,0.931717247228407,0.6785277017054109,Excluded,Excluded
IM3,2.0931725,3.0889724,0.0271923,2.32e-05,4.077258,pptt1jmatch_run_02_340_310,340.0,310.0,5.17,1.2680090394083476,0.7576102370759957,0.5133774953657582,Excluded,Excluded
IM4,1.8379546,2.9171735,0.0179197,1.89e-05,4.077258,pptt1jmatch_run_02_340_310,340.0,310.0,5.17,1.2680090394083476,0.7154743457490305,0.4507820206619253,Excluded,Excluded
IM5,1.7197286,2.6004516,0.0083952,1.3e-05,4.077258,pptt1jmatch_run_02_340_310,340.0,310.0,5.17,1.2680090394083476,0.6377942234707737,0.4217855725588129,Excluded,Excluded
IM6,1.9348885,2.8234807,0.0037745,8.7e-06,4.077258,pptt1jmatch_run_02_340_310,340.0,310.0,5.17,1.2680090394083476,0.6924949806953596,0.47455630720449876,Excluded,Excluded
IM7,2.1169851,2.498368,0.0016929,5.9e-06,4.077258,pptt1jmatch_run_02_340_310,340.0,310.0,5.17,1.2680090394083476,0.6127569067250589,0.5192178419908674,Excluded,Excluded
IM8,2.4364679,2.6132,0.0008225,4.1e-06,4.077258,pptt1jmatch_run_02_340_310,340.0,310.0,5.17,1.2680090394083476,0.6409209326464012,0.5975751105277125,Excluded,Excluded
IM9,3.3024228,3.1422789,0.0003808,2.8e-06,4.077258,pptt1jmatch_run_02_340_310,340.0,310.0,5.17,1.2680090394083476,0.770684342271203,0.8099616948449179,Excluded,Excluded
IM10,4.9311004,7.6001094,0.0001897,2e-06,4.077258,pptt1jmatch_run_02_340_310,340.0,310.0,5.17,1.2680090394083476,1.86402464597531,1.2094158378007966,Included,Included
IM11,5.2780666,4.7216745,0.000107,1.5e-06,4.077258,pptt1jmatch_run_02_340_310,340.0,310.0,5.17,1.2680090394083476,1.1580514404533635,1.294513763907018,Included,Included
IM12,6.5369404,5.1609719,5.34e-05,1e-06,4.077258,pptt1jmatch_run_02_340_310,340.0,310.0,5.17,1.2680090394083476,1.2657947816890667,1.6032687654301003,Included,Included
EM0,14.4309678,16.1474311,0.0254344,2.24e-05,4.077258,pptt1jmatch_run_02_340_310,340.0,310.0,5.17,1.2680090394083476,3.96036529942427,3.539380583715821,Included,Included
EM1,5.8703494,5.7428683,0.0216697,2.08e-05,4.077258,pptt1jmatch_run_02_340_310,340.0,310.0,5.17,1.2680090394083476,1.4085123629655028,1.4397787434594527,Included,Included
EM2,3.6154007,3.5958094,0.0137951,1.66e-05,4.077258,pptt1jmatch_run_02_340_310,340.0,310.0,5.17,1.2680090394083476,0.8819185344660554,0.8867235529368022,Excluded,Excluded
EM3,2.4980507,3.0309163,0.0092726,1.37e-05,4.077258,pptt1jmatch_run_02_340_310,340.0,310.0,5.17,1.2680090394083476,0.7433712313520509,0.6126790848163153,Excluded,Excluded
EM4,1.8441309,2.5876301,0.0095245,1.38e-05,4.077258,pptt1jmatch_run_02_340_310,340.0,310.0,5.17,1.2680090394083476,0.6346495855793282,0.4522968377277082,Excluded,Excluded
EM5,1.3379812,1.6209206,0.0046208,9.7e-06,4.077258,pptt1jmatch_run_02_340_310,340.0,310.0,5.17,1.2680090394083476,0.3975516388710256,0.32815710950840005,Excluded,Excluded
EM6,1.4022267,1.9341338,0.0020815,6.5e-06,4.077258,pptt1jmatch_run_02_340_310,340.0,310.0,5.17,1.2680090394083476,0.47437120731628957,0.34391414524172864,Excluded,Excluded
EM7,1.656286,2.4103458,0.0008705,4.2e-06,4.077258,pptt1jmatch_run_02_340_310,340.0,310.0,5.17,1.2680090394083476,0.5911683293036645,0.40622545838404145,Excluded,Excluded
EM8,1.8407683,2.1059488,0.0004416,3e-06,4.077258,pptt1jmatch_run_02_340_310,340.0,310.0,5.17,1.2680090394083476,0.5165110473754666,0.45147211680006516,Excluded,Excluded
EM9,2.5469669,2.1796382,0.0001911,2e-06,4.077258,pptt1jmatch_run_02_340_310,340.0,310.0,5.17,1.2680090394083476,0.5345843211295435,0.6246764124320807,Excluded,Excluded
EM10,3.7823379,8.0582305,8.27e-05,1.3e-06,4.077258,pptt1jmatch_run_02_340_310,340.0,310.0,5.17,1.2680090394083476,1.976384741902524,0.9276670497672701,Included,Excluded
EM11,4.0960059,4.6027081,5.36e-05,1e-06,4.077258,pptt1jmatch_run_02_340_310,340.0,310.0,5.17,1.2680090394083476,1.1288733997210871,1.0045981637659427,Included,Included
EM12,4.7432808,3.8331448,5.34e-05,1e-06,4.077258,pptt1jmatch_run_02_340_310,340.0,310.0,5.17,1.2680090394083476,0.940128095891896,1.1633506636077482,Excluded,Included
IM0,6.0524036,7.7056576,0.093237,4.83e-05,2.967894,pptt1jmatch_run_03_360_330,360.0,330.0,3.81,1.2837385701780455,2.5963385484791575,2.0392923736494635,Included,Included
IM1,3.3740778,4.2482195,0.0669143,4.15e-05,2.967894,pptt1jmatch_run_03_360_330,360.0,330.0,3.81,1.2837385701780455,1.4313919230269008,1.1368592678849043,Included,Included
IM2,2.4790263,3.4194625,0.0456353,3.47e-05,2.967894,pptt1jmatch_run_03_360_330,360.0,330.0,3.81,1.2837385701780455,1.15215115499408,0.8352812802613572,Included,Excluded
IM3,1.8774524,2.7839145,0.0302101,2.84e-05,2.967894,pptt1jmatch_run_03_360_330,360.0,330.0,3.81,1.2837385701780455,0.9380100839180914,0.632587417205601,Excluded,Excluded
IM4,1.6242373,2.5821579,0.0202587,2.34e-05,2.967894,pptt1jmatch_run_03_360_330,360.0,330.0,3.81,1.2837385701780455,0.8700303649658647,0.547269309483425,Excluded,Excluded
IM5,1.6367392,2.4899725,0.0087846,1.55e-05,2.967894,pptt1jmatch_run_03_360_330,360.0,330.0,3.81,1.2837385701780455,0.8389694847592266,0.551481690383821,Excluded,Excluded
IM6,1.8239698,2.665672,0.003988,1.05e-05,2.967894,pptt1jmatch_run_03_360_330,360.0,330.0,3.81,1.2837385701780455,0.8981695437909845,0.6145670296850225,Excluded,Excluded
IM7,1.8466548,2.1858448,0.0019381,7.3e-06,2.967894,pptt1jmatch_run_03_360_330,360.0,330.0,3.81,1.2837385701780455,0.736496923407642,0.6222104967360694,Excluded,Excluded
IM8,1.9224202,2.0473333,0.0010434,5.4e-06,2.967894,pptt1jmatch_run_03_360_330,360.0,330.0,3.81,1.2837385701780455,0.6898269614750393,0.6477388343384232,Excluded,Excluded
IM9,2.8920116,2.7271258,0.0004382,3.5e-06,2.967894,pptt1jmatch_run_03_360_330,360.0,330.0,3.81,1.2837385701780455,0.9188757415190705,0.9744322405045464,Excluded,Excluded
IM10,3.4947144,5.3900484,0.0002671,2.7e-06,2.967894,pptt1jmatch_run_03_360_330,360.0,330.0,3.81,1.2837385701780455,1.816118904516132,1.1775064742878283,Included,Included
IM11,3.0515566,2.7242925,0.0001849,2.3e-06,2.967894,pptt1jmatch_run_03_360_330,360.0,330.0,3.81,1.2837385701780455,0.9179210915214627,1.0281892143048237,Excluded,Included
IM12,3.3102727,2.6173384,0.0001056,1.7e-06,2.967894,pptt1jmatch_run_03_360_330,360.0,330.0,3.81,1.2837385701780455,0.8818840565060613,1.1153608248812121,Excluded,Included
EM0,13.9038921,15.5744577,0.0263227,2.66e-05,2.967894,pptt1jmatch_run_03_360_330,360.0,330.0,3.81,1.2837385701780455,5.247646209736601,4.684767077260846,Included,Included
EM1,5.9889988,5.8640797,0.021279,2.4e-05,2.967894,pptt1jmatch_run_03_360_330,360.0,330.0,3.81,1.2837385701780455,1.9758386586582943,2.017928807430454,Included,Included
EM2,3.2429676,3.2005291,0.0154252,2.05e-05,2.967894,pptt1jmatch_run_03_360_330,360.0,330.0,3.81,1.2837385701780455,1.078383897807671,1.092683094477094,Included,Included
EM3,2.3478758,2.8272413,0.0099513,1.65e-05,2.967894,pptt1jmatch_run_03_360_330,360.0,330.0,3.81,1.2837385701780455,0.9526085837297423,0.791091528201479,Excluded,Excluded
EM4,1.5254957,2.15206,0.0114741,1.77e-05,2.967894,pptt1jmatch_run_03_360_330,360.0,330.0,3.81,1.2837385701780455,0.7251134979888096,0.5139993881183088,Excluded,Excluded
EM5,1.2812581,1.5619161,0.0047966,1.15e-05,2.967894,pptt1jmatch_run_03_360_330,360.0,330.0,3.81,1.2837385701780455,0.5262708506435877,0.43170615257822553,Excluded,Excluded
EM6,1.4233099,1.9709948,0.0020499,7.5e-06,2.967894,pptt1jmatch_run_03_360_330,360.0,330.0,3.81,1.2837385701780455,0.6641055239843472,0.47956898056332203,Excluded,Excluded
EM7,1.5977464,2.3456601,0.0008946,5e-06,2.967894,pptt1jmatch_run_03_360_330,360.0,330.0,3.81,1.2837385701780455,0.7903449718891578,0.5383434853131547,Excluded,Excluded
EM8,1.3428136,1.5429738,0.0006052,4.1e-06,2.967894,pptt1jmatch_run_03_360_330,360.0,330.0,3.81,1.2837385701780455,0.5198884461507048,0.4524466170287753,Excluded,Excluded
EM9,2.861877,2.4372791,0.0001711,2.2e-06,2.967894,pptt1jmatch_run_03_360_330,360.0,330.0,3.81,1.2837385701780455,0.8212150097004812,0.9642787107625811,Excluded,Excluded
EM10,3.8165447,8.1382906,8.22e-05,1.5e-06,2.967894,pptt1jmatch_run_03_360_330,360.0,330.0,3.81,1.2837385701780455,2.7421095901673036,1.285943736535065,Included,Included
EM11,2.7787234,3.107244,7.92e-05,1.5e-06,2.967894,pptt1jmatch_run_03_360_330,360.0,330.0,3.81,1.2837385701780455,1.0469524854998191,0.9362609985397053,Included,Excluded
EM12,2.401866,1.9256366,0.0001056,1.7e-06,2.967894,pptt1jmatch_run_03_360_330,360.0,330.0,3.81,1.2837385701780455,0.648822565765489,0.809282946089045,Excluded,Excluded
IM0,4.6818052,5.9397175,0.1209272,5.41e-05,2.967214,pptt1jmatch_run_04_360_355,360.0,355.0,3.81,1.2840327660896722,2.001782648639431,1.577845480642785,Included,Included
IM1,2.4743956,3.1096719,0.091814,4.79e-05,2.967214,pptt1jmatch_run_04_360_355,360.0,355.0,3.81,1.2840327660896722,1.048010659157041,0.8339120804903185,Included,Excluded
IM2,1.6897963,2.3011686,0.0674149,4.16e-05,2.967214,pptt1jmatch_run_04_360_355,360.0,355.0,3.81,1.2840327660896722,0.7755317277419156,0.5694891908706282,Excluded,Excluded
IM3,1.1719676,1.7319335,0.0484652,3.56e-05,2.967214,pptt1jmatch_run_04_360_355,360.0,355.0,3.81,1.2840327660896722,0.5836901214405164,0.394972388240282,Excluded,Excluded
IM4,0.9443299,1.5091374,0.0347453,3.04e-05,2.967214,pptt1jmatch_run_04_360_355,360.0,355.0,3.81,1.2840327660896722,0.5086041653888126,0.3182547332278697,Excluded,Excluded
IM5,0.8015188,1.217513,0.0179895,2.2e-05,2.967214,pptt1jmatch_run_04_360_355,360.0,355.0,3.81,1.2840327660896722,0.4103219383569908,0.27012503985219805,Excluded,Excluded
IM6,0.7743621,1.1324232,0.0094295,1.6e-05,2.967214,pptt1jmatch_run_04_360_355,360.0,355.0,3.81,1.2840327660896722,0.38164527398428294,0.26097278457165546,Excluded,Excluded
IM7,0.6931685,0.8128877,0.0051971,1.19e-05,2.967214,pptt1jmatch_run_04_360_355,360.0,355.0,3.81,1.2840327660896722,0.27395654644390327,0.23360920378509942,Excluded,Excluded
IM8,0.6840366,0.7334378,0.002928,9e-06,2.967214,pptt1jmatch_run_04_360_355,360.0,355.0,3.81,1.2840327660896722,0.2471806212831296,0.2305316030458201,Excluded,Excluded
IM9,0.7643547,0.7217226,0.0016561,6.7e-06,2.967214,pptt1jmatch_run_04_360_355,360.0,355.0,3.81,1.2840327660896722,0.24323240588646455,0.2576001259093547,Excluded,Excluded
IM10,1.0187116,1.5660137,0.0009171,5e-06,2.967214,pptt1jmatch_run_04_360_355,360.0,355.0,3.81,1.2840327660896722,0.5277724154712131,0.3433225914949175,Excluded,Excluded
IM11,1.3625926,1.2153271,0.0004146,3.4e-06,2.967214,pptt1jmatch_run_04_360_355,360.0,355.0,3.81,1.2840327660896722,0.40958525404638835,0.45921615360402046,Excluded,Excluded
IM12,2.1665621,1.7182638,0.0001616,2.1e-06,2.967214,pptt1jmatch_run_04_360_355,360.0,355.0,3.81,1.2840327660896722,0.5790832073453415,0.7301671197291467,Excluded,Excluded
EM0,12.6397013,14.0855666,0.0291132,2.79e-05,2.967214,pptt1jmatch_run_04_360_355,360.0,355.0,3.81,1.2840327660896722,4.747067990377506,4.259787565035754,Included,Included
EM1,5.2310195,5.1063655,0.0243991,2.56e-05,2.967214,pptt1jmatch_run_04_360_355,360.0,355.0,3.81,1.2840327660896722,1.7209292959658455,1.7629397475207385,Included,Included
EM2,2.6307643,2.6040544,0.0189497,2.26e-05,2.967214,pptt1jmatch_run_04_360_355,360.0,355.0,3.81,1.2840327660896722,0.8776092320944833,0.8866109084144252,Excluded,Excluded
EM3,1.687722,2.0401319,0.0137198,1.93e-05,2.967214,pptt1jmatch_run_04_360_355,360.0,355.0,3.81,1.2840327660896722,0.6875580595130651,0.5687901175985285,Excluded,Excluded
EM4,1.040605,1.4685358,0.0167558,2.13e-05,2.967214,pptt1jmatch_run_04_360_355,360.0,355.0,3.81,1.2840327660896722,0.4949207573164592,0.3507010279676491,Excluded,Excluded
EM5,0.7185399,0.8755523,0.00856,1.53e-05,2.967214,pptt1jmatch_run_04_360_355,360.0,355.0,3.81,1.2840327660896722,0.2950755489829854,0.24215978355453974,Excluded,Excluded
EM6,0.6841706,0.9514726,0.0042324,1.08e-05,2.967214,pptt1jmatch_run_04_360_355,360.0,355.0,3.81,1.2840327660896722,0.32066194079699006,0.23057676325334137,Excluded,Excluded
EM7,0.6317459,0.9243002,0.0022691,7.9e-06,2.967214,pptt1jmatch_run_04_360_355,360.0,355.0,3.81,1.2840327660896722,0.311504394357805,0.2129087757067741,Excluded,Excluded
EM8,0.6387228,0.7340889,0.0012719,5.9e-06,2.967214,pptt1jmatch_run_04_360_355,360.0,355.0,3.81,1.2840327660896722,0.24740005270937657,0.2152601059444988,Excluded,Excluded
EM9,0.6631639,0.56361,0.000739,4.5e-06,2.967214,pptt1jmatch_run_04_360_355,360.0,355.0,3.81,1.2840327660896722,0.18994585493328087,0.22349715928814035,Excluded,Excluded
EM10,0.6249856,1.3314192,0.0005025,3.7e-06,2.967214,pptt1jmatch_run_04_360_355,360.0,355.0,3.81,1.2840327660896722,0.4487102042522043,0.21063044323732635,Excluded,Excluded
EM11,0.8656974,0.9766909,0.000253,2.6e-06,2.967214,pptt1jmatch_run_04_360_355,360.0,355.0,3.81,1.2840327660896722,0.32916092334425495,0.29175428533297565,Excluded,Excluded
EM12,1.5785607,1.2691261,0.0001616,2.1e-06,2.967214,pptt1jmatch_run_04_360_355,360.0,355.0,3.81,1.2840327660896722,0.4277164033332278,0.5320009611709839,Excluded,Excluded
IM0,10.6481121,13.5585598,0.0528084,4.29e-05,2.199896,pptt1jmatch_run_05_380_310,380.0,310.0,2.85,1.2955157880190702,6.16327308200024,4.8402797677708405,Included,Included
IM1,6.1383601,7.7155012,0.0369829,3.62e-05,2.199896,pptt1jmatch_run_05_380_310,380.0,310.0,2.85,1.2955157880190702,3.507211795466695,2.7902955867004624,Included,Included
IM2,4.7918029,6.5506208,0.0237154,2.92e-05,2.199896,pptt1jmatch_run_05_380_310,380.0,310.0,2.85,1.2955157880190702,2.977695672886355,2.1781951965001984,Included,Included
IM3,3.7573589,5.563318,0.0150904,2.34e-05,2.199896,pptt1jmatch_run_05_380_310,380.0,310.0,2.85,1.2955157880190702,2.528900457112518,1.7079711495452512,Included,Included
IM4,3.399967,5.4182347,0.0096423,1.87e-05,2.199896,pptt1jmatch_run_05_380_310,380.0,310.0,2.85,1.2955157880190702,2.4629503849272876,1.545512606050468,Included,Included
IM5,3.4832181,5.2985308,0.0041256,1.23e-05,2.199896,pptt1jmatch_run_05_380_310,380.0,310.0,2.85,1.2955157880190702,2.408536949019408,1.5833558040925573,Included,Included
IM6,3.5208125,5.1299194,0.0020717,8.7e-06,2.199896,pptt1jmatch_run_05_380_310,380.0,310.0,2.85,1.2955157880190702,2.331891780338707,1.6004449755806638,Included,Included
IM7,3.5152315,4.1287865,0.0010251,6.1e-06,2.199896,pptt1jmatch_run_05_380_310,380.0,310.0,2.85,1.2955157880190702,1.87680985828421,1.5979080374708623,Included,Included
IM8,4.5330869,4.8517776,0.0004422,4e-06,2.199896,pptt1jmatch_run_05_380_310,380.0,310.0,2.85,1.2955157880190702,2.2054577125464117,2.060591455232429,Included,Included
IM9,4.9142717,4.6374321,0.0002572,3.1e-06,2.199896,pptt1jmatch_run_05_380_310,380.0,310.0,2.85,1.2955157880190702,2.1080233338303267,2.233865464549233,Included,Included
IM10,6.1088245,9.4739954,0.0001523,2.4e-06,2.199896,pptt1jmatch_run_05_380_310,380.0,310.0,2.85,1.2955157880190702,4.306565128533349,2.7768696792939305,Included,Included
IM11,5.4756306,4.8889258,0.0001028,1.9e-06,2.199896,pptt1jmatch_run_05_380_310,380.0,310.0,2.85,1.2955157880190702,2.222344056264478,2.4890406637404676,Included,Included
IM12,6.6383207,5.2366214,5.26e-05,1.4e-06,2.199896,pptt1jmatch_run_05_380_310,380.0,310.0,2.85,1.2955157880190702,2.3803949823082546,3.017561148345195,Included,Included
EM0,23.2249027,25.8779968,0.0158255,2.39e-05,2.199896,pptt1jmatch_run_05_380_310,380.0,310.0,2.85,1.2955157880190702,11.763281900598937,10.55727302563394,Included,Included
EM1,9.5975603,9.3655711,0.0132675,2.19e-05,2.199896,pptt1jmatch_run_05_380_310,380.0,310.0,2.85,1.2955157880190702,4.257279025917589,4.3627336474087866,Included,Included
EM2,5.7876621,5.7508254,0.008625,1.77e-05,2.199896,pptt1jmatch_run_05_380_310,380.0,310.0,2.85,1.2955157880190702,2.6141351227512577,2.6308798688665287,Included,Included
EM3,4.240294,5.1561601,0.0054481,1.41e-05,2.199896,pptt1jmatch_run_05_380_310,380.0,310.0,2.85,1.2955157880190702,2.343819935124206,1.9274974816991348,Included,Included
EM4,3.1701664,4.4708624,0.0055167,1.42e-05,2.199896,pptt1jmatch_run_05_380_310,380.0,310.0,2.85,1.2955157880190702,2.0323062544774846,1.4410528497710802,Included,Included
EM5,2.9916553,3.6561865,0.0020539,8.7e-06,2.199896,pptt1jmatch_run_05_380_310,380.0,310.0,2.85,1.2955157880190702,1.6619815209446265,1.3599076047231324,Included,Included
EM6,2.7804518,3.857191,0.0010466,6.2e-06,2.199896,pptt1jmatch_run_05_380_310,380.0,310.0,2.85,1.2955157880190702,1.7533515220719524,1.2639014753424707,Included,Included
EM7,2.4610649,3.5930173,0.0005829,4.6e-06,2.199896,pptt1jmatch_run_05_380_310,380.0,310.0,2.85,1.2955157880190702,1.6332668907984742,1.1187187485226575,Included,Included
EM8,4.3878829,5.0269313,0.0001849,2.6e-06,2.199896,pptt1jmatch_run_05_380_310,380.0,310.0,2.85,1.2955157880190702,2.2850767945393784,1.9945865168171588,Included,Included
EM9,4.6531945,3.9478699,0.0001049,2e-06,2.199896,pptt1jmatch_run_05_380_310,380.0,310.0,2.85,1.2955157880190702,1.7945711524544798,2.115188399815264,Included,Included
EM10,6.3012927,13.4870322,4.95e-05,1.3e-06,2.199896,pptt1jmatch_run_05_380_310,380.0,310.0,2.85,1.2955157880190702,6.130758999516341,2.864359360624321,Included,Included
EM11,4.3609553,4.9208964,5.03e-05,1.4e-06,2.199896,pptt1jmatch_run_05_380_310,380.0,310.0,2.85,1.2955157880190702,2.236876834177616,1.9823461199983998,Included,Included
EM12,4.8577356,3.9434227,5.26e-05,1.4e-06,2.199896,pptt1jmatch_run_05_380_310,380.0,310.0,2.85,1.2955157880190702,1.7925496023448384,2.208166022393786,Included,Included
IM0,7.5965265,9.6375209,0.074426,5.77e-05,1.647572,pptt1jmatch_run_06_400_350,400.0,350.0,2.15,1.3049505575477125,5.849529428759411,4.610740228651616,Included,Included
IM1,4.2461204,5.3212311,0.0533425,4.94e-05,1.647572,pptt1jmatch_run_06_400_350,400.0,350.0,2.15,1.3049505575477125,3.2297411585047575,2.5771986899510306,Included,Included
IM2,3.1591167,4.3483761,0.035818,4.08e-05,1.647572,pptt1jmatch_run_06_400_350,400.0,350.0,2.15,1.3049505575477125,2.639263170289371,1.917437720475949,Included,Included
IM3,2.4418476,3.6060762,0.02324,3.31e-05,1.647572,pptt1jmatch_run_06_400_350,400.0,350.0,2.15,1.3049505575477125,2.188721464069552,1.482088552123974,Included,Included
IM4,2.137229,3.407772,0.0153678,2.7e-05,1.647572,pptt1jmatch_run_06_400_350,400.0,350.0,2.15,1.3049505575477125,2.0683599866955737,1.2971991512358791,Included,Included
IM5,2.1893904,3.3118754,0.0066066,1.78e-05,1.647572,pptt1jmatch_run_06_400_350,400.0,350.0,2.15,1.3049505575477125,2.010155185934211,1.3288587084509813,Included,Included
IM6,2.3971504,3.5265743,0.0030321,1.21e-05,1.647572,pptt1jmatch_run_06_400_350,400.0,350.0,2.15,1.3049505575477125,2.1404674879155507,1.454959419072429,Included,Included
IM7,2.4177355,2.8460325,0.0014838,8.5e-06,1.647572,pptt1jmatch_run_06_400_350,400.0,350.0,2.15,1.3049505575477125,1.7274100919413538,1.4674536226641386,Included,Included
IM8,2.7673974,2.9744279,0.0007221,5.9e-06,1.647572,pptt1jmatch_run_06_400_350,400.0,350.0,2.15,1.3049505575477125,1.8053401611583588,1.679682223295856,Included,Included
IM9,3.9152247,3.6915029,0.0003243,4e-06,1.647572,pptt1jmatch_run_06_400_350,400.0,350.0,2.15,1.3049505575477125,2.240571519787906,2.376360304739338,Included,Included
IM10,5.0342308,7.7738103,0.0001855,3e-06,1.647572,pptt1jmatch_run_06_400_350,400.0,350.0,2.15,1.3049505575477125,4.718343295467512,3.0555452508297054,Included,Included
IM11,8.3064361,7.3688511,6.79e-05,1.8e-06,1.647572,pptt1jmatch_run_06_400_350,400.0,350.0,2.15,1.3049505575477125,4.472551791363291,5.041622520897418,Included,Included
IM12,8.3236529,6.6133106,4.18e-05,1.4e-06,1.647572,pptt1jmatch_run_06_400_350,400.0,350.0,2.15,1.3049505575477125,4.01397365335172,5.052072322180761,Included,Included
EM0,17.5732926,19.3645775,0.0210835,3.16e-05,1.647572,pptt1jmatch_run_06_400_350,400.0,350.0,2.15,1.3049505575477125,11.75340288618646,10.666175802939112,Included,Included
EM1,7.2311772,7.0659912,0.0175246,2.88e-05,1.647572,pptt1jmatch_run_06_400_350,400.0,350.0,2.15,1.3049505575477125,4.28872984003127,4.388990101798282,Included,Included
EM2,4.001653,3.9508402,0.012578,2.45e-05,1.647572,pptt1jmatch_run_06_400_350,400.0,350.0,2.15,1.3049505575477125,2.397977265940426,2.4288182853313844,Included,Included
EM3,2.9396563,3.5513088,0.0078722,1.94e-05,1.647572,pptt1jmatch_run_06_400_350,400.0,350.0,2.15,1.3049505575477125,2.155480185387953,1.7842354082249516,Included,Included
EM4,1.9974237,2.8190077,0.0087612,2.05e-05,1.647572,pptt1jmatch_run_06_400_350,400.0,350.0,2.15,1.3049505575477125,1.7110072883006022,1.2123438004530303,Included,Included
EM5,1.7076209,2.0913851,0.0035745,1.31e-05,1.647572,pptt1jmatch_run_06_400_350,400.0,350.0,2.15,1.3049505575477125,1.2693740243218505,1.0364469049000589,Included,Included
EM6,1.869803,2.6041485,0.0015483,8.6e-06,1.647572,pptt1jmatch_run_06_400_350,400.0,350.0,2.15,1.3049505575477125,1.5805976916335067,1.1348839383043654,Included,Included
EM7,1.8791605,2.7579755,0.0007616,6.1e-06,1.647572,pptt1jmatch_run_06_400_350,400.0,350.0,2.15,1.3049505575477125,1.6739635657804333,1.1405635079984364,Included,Included
EM8,2.0465129,2.3349567,0.0003978,4.4e-06,1.647572,pptt1jmatch_run_06_400_350,400.0,350.0,2.15,1.3049505575477125,1.4172107197743105,1.242138674364459,Included,Included
EM9,3.5073252,3.0082533,0.0001388,2.6e-06,1.647572,pptt1jmatch_run_06_400_350,400.0,350.0,2.15,1.3049505575477125,1.8258706144556958,2.128784174530764,Included,Included
EM10,2.672774,5.6790074,0.0001176,2.4e-06,1.647572,pptt1jmatch_run_06_400_350,400.0,350.0,2.15,1.3049505575477125,3.446894824626784,1.6222501960460605,Included,Included
EM11,8.4354778,9.4033945,2.62e-05,1.1e-06,1.647572,pptt1jmatch_run_06_400_350,400.0,350.0,2.15,1.3049505575477125,5.707425532844694,5.119944864321559,Included,Included
EM12,6.1040837,4.8809396,4.18e-05,1.4e-06,1.647572,pptt1jmatch_run_06_400_350,400.0,350.0,2.15,1.3049505575477125,2.9625045825007947,3.704896477968793,Included,Included
IM0,4.126035,5.2284993,0.1370145,9.8e-05,0.9556181,pptt1jmatch_run_07_440_430,440.0,430.0,1.26,1.318518349537331,5.471327196502452,4.317660998677191,Included,Included
IM1,2.1259983,2.6900205,0.1059819,8.77e-05,0.9556181,pptt1jmatch_run_07_440_430,440.0,430.0,1.26,1.318518349537331,2.8149534840330044,2.2247363251072785,Included,Included
IM2,1.4358012,1.969992,0.0788324,7.68e-05,0.9556181,pptt1jmatch_run_07_440_430,440.0,430.0,1.26,1.318518349537331,2.061484603525195,1.5024843083235866,Included,Included
IM3,0.9939046,1.4637381,0.0574191,6.63e-05,0.9556181,pptt1jmatch_run_07_440_430,440.0,430.0,1.26,1.318518349537331,1.5317186855292926,1.0400646450710802,Included,Included
IM4,0.7805063,1.2422071,0.0420827,5.72e-05,0.9556181,pptt1jmatch_run_07_440_430,440.0,430.0,1.26,1.318518349537331,1.2998990914885349,0.8167554591107054,Included,Excluded
IM5,0.6314327,0.9569361,0.0228542,4.26e-05,0.9556181,pptt1jmatch_run_07_440_430,440.0,430.0,1.26,1.318518349537331,1.0013792120513414,0.6607584138475401,Included,Excluded
IM6,0.5560351,0.8125306,0.0131002,3.24e-05,0.9556181,pptt1jmatch_run_07_440_430,440.0,430.0,1.26,1.318518349537331,0.8502670679845851,0.5818591129657339,Excluded,Excluded
IM7,0.4718485,0.5568947,0.0075955,2.47e-05,0.9556181,pptt1jmatch_run_07_440_430,440.0,430.0,1.26,1.318518349537331,0.582758635484196,0.4937626233743375,Excluded,Excluded
IM8,0.4713038,0.5057502,0.0042423,1.85e-05,0.9556181,pptt1jmatch_run_07_440_430,440.0,430.0,1.26,1.318518349537331,0.5292388245890278,0.49319262579894624,Excluded,Excluded
IM9,0.604856,0.5698708,0.00209,1.3e-05,0.9556181,pptt1jmatch_run_07_440_430,440.0,430.0,1.26,1.318518349537331,0.5963373862424749,0.6329474085934538,Excluded,Excluded
IM10,0.7527382,1.1617543,0.0012412,1e-05,0.9556181,pptt1jmatch_run_07_440_430,440.0,430.0,1.26,1.318518349537331,1.215709811272934,0.7876977215061122,Included,Excluded
IM11,0.7263168,0.6486795,0.0007766,7.9e-06,0.9556181,pptt1jmatch_run_07_440_430,440.0,430.0,1.26,1.318518349537331,0.6788062093005564,0.7600492288708219,Excluded,Excluded
IM12,0.7346731,0.583444,0.0004733,6.2e-06,0.9556181,pptt1jmatch_run_07_440_430,440.0,430.0,1.26,1.318518349537331,0.6105409681963956,0.7687936216360908,Excluded,Excluded
EM0,11.8548532,13.2199445,0.0310326,4.94e-05,0.9556181,pptt1jmatch_run_07_440_430,440.0,430.0,1.26,1.318518349537331,13.833920161202473,12.405429742278846,Included,Included
EM1,4.7060149,4.5726352,0.0271495,4.63e-05,0.9556181,pptt1jmatch_run_07_440_430,440.0,430.0,1.26,1.318518349537331,4.785002711857382,4.92457698321118,Included,Included
EM2,2.3379626,2.3208575,0.0214134,4.12e-05,0.9556181,pptt1jmatch_run_07_440_430,440.0,430.0,1.26,1.318518349537331,2.4286453971518536,2.446544911612704,Included,Included
EM3,1.5139412,1.8291555,0.0153364,3.5e-05,0.9556181,pptt1jmatch_run_07_440_430,440.0,430.0,1.26,1.318518349537331,1.9141072150056595,1.5842533748575922,Included,Included
EM4,0.9122553,1.2833447,0.0192284,3.91e-05,0.9556181,pptt1jmatch_run_07_440_430,440.0,430.0,1.26,1.318518349537331,1.3429472505805404,0.9546232956449862,Included,Excluded
EM5,0.6270485,0.7693979,0.009754,2.8e-05,0.9556181,pptt1jmatch_run_07_440_430,440.0,430.0,1.26,1.318518349537331,0.805131150194832,0.6561705978570309,Excluded,Excluded
EM6,0.5293284,0.7332672,0.0055048,2.11e-05,0.9556181,pptt1jmatch_run_07_440_430,440.0,430.0,1.26,1.318518349537331,0.7673224272332221,0.5539120701041557,Excluded,Excluded
EM7,0.4286743,0.625405,0.0033531,1.65e-05,0.9556181,pptt1jmatch_run_07_440_430,440.0,430.0,1.26,1.318518349537331,0.6544507685653923,0.4485832781945005,Excluded,Excluded
EM8,0.3762397,0.4310815,0.0021524,1.32e-05,0.9556181,pptt1jmatch_run_07_440_430,440.0,430.0,1.26,1.318518349537331,0.4511022761079975,0.39371345101144484,Excluded,Excluded
EM9,0.5772352,0.4896109,0.0008487,8.3e-06,0.9556181,pptt1jmatch_run_07_440_430,440.0,430.0,1.26,1.318518349537331,0.5123499649075295,0.6040438120625802,Excluded,Excluded
EM10,0.6722817,1.437868,0.0004646,6.1e-06,0.9556181,pptt1jmatch_run_07_440_430,440.0,430.0,1.26,1.318518349537331,1.5046470969940815,0.7035045694509134,Included,Excluded
EM11,0.7261217,0.8132179,0.0003033,5e-06,0.9556181,pptt1jmatch_run_07_440_430,440.0,430.0,1.26,1.318518349537331,0.8509862883509637,0.7598450678152705,Excluded,Excluded
EM12,0.5404771,0.4315615,0.0004733,6.2e-06,0.9556181,pptt1jmatch_run_07_440_430,440.0,430.0,1.26,1.318518349537331,0.45160456881258315,0.5655785506783516,Excluded,Excluded
IM0,5.6549196,7.1719197,0.1002697,4.3e-05,4.071087,pptt1jmatch_run_08_340_320,340.0,320.0,5.17,1.2699311019391135,1.7616719318452294,1.3890441545464394,Included,Included
IM1,3.080573,3.8623154,0.0735487,3.73e-05,4.071087,pptt1jmatch_run_08_340_320,340.0,320.0,5.17,1.2699311019391135,0.9487184626612007,0.7566954476777331,Excluded,Excluded
IM2,2.2000512,3.0181509,0.0516315,3.16e-05,4.071087,pptt1jmatch_run_08_340_320,340.0,320.0,5.17,1.2699311019391135,0.7413624174575488,0.5404087900848102,Excluded,Excluded
IM3,1.6181785,2.3871421,0.0351298,2.63e-05,4.071087,pptt1jmatch_run_08_340_320,340.0,320.0,5.17,1.2699311019391135,0.5863647964290618,0.39748069741570247,Excluded,Excluded
IM4,1.3556467,2.1537104,0.0243244,2.2e-05,4.071087,pptt1jmatch_run_08_340_320,340.0,320.0,5.17,1.2699311019391135,0.529025884241727,0.33299379256694833,Excluded,Excluded
IM5,1.2329477,1.8575331,0.0117443,1.54e-05,4.071087,pptt1jmatch_run_08_340_320,340.0,320.0,5.17,1.2699311019391135,0.4562744790273457,0.30285466756175927,Excluded,Excluded
IM6,1.3901865,2.0309965,0.0052424,1.03e-05,4.071087,pptt1jmatch_run_08_340_320,340.0,320.0,5.17,1.2699311019391135,0.4988830992803642,0.34147796399340025,Excluded,Excluded
IM7,1.3424514,1.5802344,0.002665,7.4e-06,4.071087,pptt1jmatch_run_08_340_320,340.0,320.0,5.17,1.2699311019391135,0.38816031197564677,0.3297525697682216,Excluded,Excluded
IM8,1.5831905,1.6979906,0.0012665,5.1e-06,4.071087,pptt1jmatch_run_08_340_320,340.0,320.0,5.17,1.2699311019391135,0.4170853140696821,0.3888864325424634,Excluded,Excluded
IM9,1.8135946,1.7123246,0.0006997,3.8e-06,4.071087,pptt1jmatch_run_08_340_320,340.0,320.0,5.17,1.2699311019391135,0.42060624103587074,0.4454816612860398,Excluded,Excluded
IM10,3.4698241,5.3786496,0.0002687,2.3e-06,4.071087,pptt1jmatch_run_08_340_320,340.0,320.0,5.17,1.2699311019391135,1.3211826718515227,0.8523090024850856,Included,Excluded
IM11,4.2942391,3.8056852,0.0001317,1.6e-06,4.071087,pptt1jmatch_run_08_340_320,340.0,320.0,5.17,1.2699311019391135,0.9348081237271519,1.054813886315866,Excluded,Included
IM12,5.2649072,4.1694507,6.64e-05,1.2e-06,4.071087,pptt1jmatch_run_08_340_320,340.0,320.0,5.17,1.2699311019391135,1.0241615322885507,1.29324359808572,Included,Included
EM0,13.7817454,15.3960583,0.026721,2.31e-05,4.071087,pptt1jmatch_run_08_340_320,340.0,320.0,5.17,1.2699311019391135,3.781805277067279,3.385274104925785,Included,Included
EM1,5.7981186,5.6877089,0.0219172,2.09e-05,4.071087,pptt1jmatch_run_08_340_320,340.0,320.0,5.17,1.2699311019391135,1.3970983425311223,1.424218789723727,Included,Included
EM2,3.0387485,3.0122836,0.0165017,1.82e-05,4.071087,pptt1jmatch_run_08_340_320,340.0,320.0,5.17,1.2699311019391135,0.7399212053193654,0.7464219015707598,Excluded,Excluded
EM3,2.1445562,2.591551,0.0108054,1.48e-05,4.071087,pptt1jmatch_run_08_340_320,340.0,320.0,5.17,1.2699311019391135,0.6365747035128455,0.5267772955969744,Excluded,Excluded
EM4,1.3960425,1.9582996,0.0125801,1.59e-05,4.071087,pptt1jmatch_run_08_340_320,340.0,320.0,5.17,1.2699311019391135,0.48102622223499514,0.3429164004601228,Excluded,Excluded
EM5,0.9464948,1.1499195,0.0065019,1.15e-05,4.071087,pptt1jmatch_run_08_340_320,340.0,320.0,5.17,1.2699311019391135,0.2824600653339022,0.23249191186530768,Excluded,Excluded
EM6,1.1254437,1.5662302,0.0025773,7.3e-06,4.071087,pptt1jmatch_run_08_340_320,340.0,320.0,5.17,1.2699311019391135,0.38472039531456825,0.276447960949987,Excluded,Excluded
EM7,1.0322375,1.4996323,0.0013986,5.3e-06,4.071087,pptt1jmatch_run_08_340_320,340.0,320.0,5.17,1.2699311019391135,0.3683616439540594,0.25355328933034343,Excluded,Excluded
EM8,1.4337554,1.6418133,0.0005668,3.4e-06,4.071087,pptt1jmatch_run_08_340_320,340.0,320.0,5.17,1.2699311019391135,0.40328622306524026,0.3521799951708229,Excluded,Excluded
EM9,1.1342102,0.9673213,0.0004309,3e-06,4.071087,pptt1jmatch_run_08_340_320,340.0,320.0,5.17,1.2699311019391135,0.23760762174819647,0.27860131704382635,Excluded,Excluded
EM10,2.280619,4.8726771,0.000137,1.7e-06,4.071087,pptt1jmatch_run_08_340_320,340.0,320.0,5.17,1.2699311019391135,1.1968982976782367,0.5601990328381584,Included,Excluded
EM11,3.3447895,3.7903145,6.54e-05,1.2e-06,4.071087,pptt1jmatch_run_08_340_320,340.0,320.0,5.17,1.2699311019391135,0.9310325473270405,0.8215961732087769,Excluded,Excluded
EM12,3.8130451,3.0676849,6.64e-05,1.2e-06,4.071087,pptt1jmatch_run_08_340_320,340.0,320.0,5.17,1.2699311019391135,0.7535296838411952,0.9366159701327925,Excluded,Excluded
IM0,4.9584982,6.2679928,0.1143251,5.26e-05,2.975344,pptt1jmatch_run_09_360_345,360.0,345.0,3.81,1.280524201571314,2.1066447442715868,1.6665293828209444,Included,Included
IM1,2.6672152,3.3299585,0.0851676,4.61e-05,2.975344,pptt1jmatch_run_09_360_345,360.0,345.0,3.81,1.280524201571314,1.1191843699417612,0.8964392688710952,Included,Excluded
IM2,1.8988916,2.6006297,0.0598507,3.92e-05,2.975344,pptt1jmatch_run_09_360_345,360.0,345.0,3.81,1.280524201571314,0.8740601758989883,0.6382090944778149,Excluded,Excluded
IM3,1.3576067,2.0114213,0.0417837,3.31e-05,2.975344,pptt1jmatch_run_09_360_345,360.0,345.0,3.81,1.280524201571314,0.6760298305002714,0.4562856261326421,Excluded,Excluded
IM4,1.0893979,1.7322405,0.0301135,2.83e-05,2.975344,pptt1jmatch_run_09_360_345,360.0,345.0,3.81,1.280524201571314,0.582198394538581,0.36614183099500425,Excluded,Excluded
IM5,0.9718556,1.4741415,0.0148015,2e-05,2.975344,pptt1jmatch_run_09_360_345,360.0,345.0,3.81,1.280524201571314,0.49545245860646697,0.32663638221328356,Excluded,Excluded
IM6,1.0303386,1.5096525,0.0070696,1.39e-05,2.975344,pptt1jmatch_run_09_360_345,360.0,345.0,3.81,1.280524201571314,0.5073875491371754,0.3462922606596078,Excluded,Excluded
IM7,1.0732962,1.267242,0.0033576,9.6e-06,2.975344,pptt1jmatch_run_09_360_345,360.0,345.0,3.81,1.280524201571314,0.42591444888389374,0.36073012061798565,Excluded,Excluded
IM8,1.1554761,1.231762,0.0017427,6.9e-06,2.975344,pptt1jmatch_run_09_360_345,360.0,345.0,3.81,1.280524201571314,0.4139897773165052,0.38835042267381514,Excluded,Excluded
IM9,1.4423244,1.3649639,0.0008783,4.9e-06,2.975344,pptt1jmatch_run_09_360_345,360.0,345.0,3.81,1.280524201571314,0.4587583486144795,0.48475887157921904,Excluded,Excluded
IM10,2.046372,3.1773415,0.0004537,3.5e-06,2.975344,pptt1jmatch_run_09_360_345,360.0,345.0,3.81,1.280524201571314,1.0678904691356697,0.687776606671363,Included,Excluded
IM11,2.1185785,1.8881615,0.0002672,2.7e-06,2.975344,pptt1jmatch_run_09_360_345,360.0,345.0,3.81,1.280524201571314,0.6346027551772164,0.7120448929602761,Excluded,Excluded
IM12,2.3863753,1.8992018,0.0001459,2e-06,2.975344,pptt1jmatch_run_09_360_345,360.0,345.0,3.81,1.280524201571314,0.6383133513301319,0.802050216714437,Excluded,Excluded
EM0,12.6073129,14.1271877,0.0291575,2.78e-05,2.975344,pptt1jmatch_run_09_360_345,360.0,345.0,3.81,1.280524201571314,4.748085498685194,4.237262279588511,Included,Included
EM1,5.0200304,4.9090429,0.0253169,2.6e-05,2.975344,pptt1jmatch_run_09_360_345,360.0,345.0,3.81,1.280524201571314,1.6499076745411623,1.6872100839432345,Included,Included
EM2,2.7524364,2.7390149,0.0180671,2.2e-05,2.975344,pptt1jmatch_run_09_360_345,360.0,345.0,3.81,1.280524201571314,0.9205708314736043,0.9250817384477223,Excluded,Excluded
EM3,1.9888725,2.4069055,0.0116702,1.78e-05,2.975344,pptt1jmatch_run_09_360_345,360.0,345.0,3.81,1.280524201571314,0.8089503264160379,0.6684512782387515,Excluded,Excluded
EM4,1.1455852,1.6149548,0.015312,2.03e-05,2.975344,pptt1jmatch_run_09_360_345,360.0,345.0,3.81,1.280524201571314,0.5427791878855016,0.3850261347931533,Excluded,Excluded
EM5,0.7902218,0.9688586,0.0077319,1.45e-05,2.975344,pptt1jmatch_run_09_360_345,360.0,345.0,3.81,1.280524201571314,0.32562910372716564,0.2655900628633193,Excluded,Excluded
EM6,0.7850537,1.0879103,0.0037119,1.01e-05,2.975344,pptt1jmatch_run_09_360_345,360.0,345.0,3.81,1.280524201571314,0.3656418551938868,0.26385308723966033,Excluded,Excluded
EM7,0.8912748,1.2942698,0.001615,6.6e-06,2.975344,pptt1jmatch_run_09_360_345,360.0,345.0,3.81,1.280524201571314,0.4349983732973397,0.29955353061696394,Excluded,Excluded
EM8,0.9380253,1.0761175,0.0008644,4.9e-06,2.975344,pptt1jmatch_run_09_360_345,360.0,345.0,3.81,1.280524201571314,0.3616783471087713,0.3152661675423077,Excluded,Excluded
EM9,1.1495962,0.9785199,0.0004246,3.4e-06,2.975344,pptt1jmatch_run_09_360_345,360.0,345.0,3.81,1.280524201571314,0.3288762240601423,0.38637421420850826,Excluded,Excluded
EM10,1.6758729,3.57801,0.0001865,2.3e-06,2.975344,pptt1jmatch_run_09_360_345,360.0,345.0,3.81,1.280524201571314,1.2025533854236685,0.5632534927053813,Included,Excluded
EM11,1.8063981,2.0418182,0.0001213,1.8e-06,2.975344,pptt1jmatch_run_09_360_345,360.0,345.0,3.81,1.280524201571314,0.6862460945692329,0.6071224369350233,Excluded,Excluded
EM12,1.7480797,1.4047395,0.0001459,2e-06,2.975344,pptt1jmatch_run_09_360_345,360.0,345.0,3.81,1.280524201571314,0.47212675240241125,0.5875218798229717,Excluded,Excluded
IM0,4.7132571,5.982273,0.1197405,6.22e-05,2.198093,pptt1jmatch_run_10_380_365,380.0,365.0,2.85,1.296578443223285,2.7215741099216455,2.14424826429091,Included,Included
IM1,2.500857,3.1375684,0.0908237,5.51e-05,2.198093,pptt1jmatch_run_10_380_365,380.0,365.0,2.85,1.296578443223285,1.42740475493985,1.137739395011949,Included,Included
IM2,1.732215,2.3824678,0.0654357,4.74e-05,2.198093,pptt1jmatch_run_10_380_365,380.0,365.0,2.85,1.296578443223285,1.0838794354924928,0.788053553694043,Included,Excluded
IM3,1.2434332,1.8300084,0.0458153,4.01e-05,2.198093,pptt1jmatch_run_10_380_365,380.0,365.0,2.85,1.296578443223285,0.8325436639850998,0.565687257090578,Excluded,Excluded
IM4,0.9966315,1.5880166,0.0330233,3.43e-05,2.198093,pptt1jmatch_run_10_380_365,380.0,365.0,2.85,1.296578443223285,0.7224519617686785,0.45340733990782006,Excluded,Excluded
IM5,0.8627519,1.3036951,0.0167452,2.46e-05,2.198093,pptt1jmatch_run_10_380_365,380.0,365.0,2.85,1.296578443223285,0.5931027941037982,0.39250018083857235,Excluded,Excluded
IM6,0.8684673,1.2667241,0.0083943,1.75e-05,2.198093,pptt1jmatch_run_10_380_365,380.0,365.0,2.85,1.296578443223285,0.576283214586462,0.3951003437980104,Excluded,Excluded
IM7,0.8358248,0.9847331,0.0043043,1.26e-05,2.198093,pptt1jmatch_run_10_380_365,380.0,365.0,2.85,1.296578443223285,0.4479942841362945,0.3802499712250574,Excluded,Excluded
IM8,0.9270152,0.9951705,0.0021633,8.9e-06,2.198093,pptt1jmatch_run_10_380_365,380.0,365.0,2.85,1.296578443223285,0.4527426728532414,0.4217361139860779,Excluded,Excluded
IM9,1.0558236,0.9987807,0.0011958,6.6e-06,2.198093,pptt1jmatch_run_10_380_365,380.0,365.0,2.85,1.296578443223285,0.4543850965359518,0.4803361823180366,Excluded,Excluded
IM10,1.3943851,2.1514751,0.0006686,5e-06,2.198093,pptt1jmatch_run_10_380_365,380.0,365.0,2.85,1.296578443223285,0.9787916616812845,0.634361284986577,Excluded,Excluded
IM11,1.6088995,1.4337993,0.0003522,3.6e-06,2.198093,pptt1jmatch_run_10_380_365,380.0,365.0,2.85,1.296578443223285,0.652292373434609,0.73195242421499,Excluded,Excluded
IM12,1.4726024,1.1687852,0.000237,3e-06,2.198093,pptt1jmatch_run_10_380_365,380.0,365.0,2.85,1.296578443223285,0.53172691055383,0.6699454481680256,Excluded,Excluded
EM0,12.6953593,14.1286668,0.0289169,3.21e-05,2.198093,pptt1jmatch_run_10_380_365,380.0,365.0,2.85,1.296578443223285,6.427692913812108,5.775624279773422,Included,Included
EM1,5.0571115,4.9005073,0.0253879,3.02e-05,2.198093,pptt1jmatch_run_10_380_365,380.0,365.0,2.85,1.296578443223285,2.2294358336976643,2.3006813178514287,Included,Included
EM2,2.5457138,2.5334,0.0196204,2.66e-05,2.198093,pptt1jmatch_run_10_380_365,380.0,365.0,2.85,1.296578443223285,1.1525445010743403,1.1581465388407133,Included,Included
EM3,1.8100083,2.1929178,0.012792,2.15e-05,2.198093,pptt1jmatch_run_10_380_365,380.0,365.0,2.85,1.296578443223285,0.9976455955230283,0.8234448223983244,Excluded,Excluded
EM4,1.0767868,1.5192148,0.0162781,2.43e-05,2.198093,pptt1jmatch_run_10_380_365,380.0,365.0,2.85,1.296578443223285,0.6911512843178155,0.4898731764306606,Excluded,Excluded
EM5,0.7367597,0.8990148,0.0083508,1.74e-05,2.198093,pptt1jmatch_run_10_380_365,380.0,365.0,2.85,1.296578443223285,0.4089976174802431,0.3351813139844401,Excluded,Excluded
EM6,0.7103109,0.9842846,0.00409,1.22e-05,2.198093,pptt1jmatch_run_10_380_365,380.0,365.0,2.85,1.296578443223285,0.44779024363391357,0.3231487020794843,Excluded,Excluded
EM7,0.6707872,0.9786921,0.002141,8.9e-06,2.198093,pptt1jmatch_run_10_380_365,380.0,365.0,2.85,1.296578443223285,0.44524599277646576,0.3051677977228443,Excluded,Excluded
EM8,0.8346321,0.9633234,0.0009674,6e-06,2.198093,pptt1jmatch_run_10_380_365,380.0,365.0,2.85,1.296578443223285,0.4382541594008989,0.3797073645200635,Excluded,Excluded
EM9,0.9311981,0.7918602,0.0005273,4.4e-06,2.198093,pptt1jmatch_run_10_380_365,380.0,365.0,2.85,1.296578443223285,0.36024872468999264,0.42363908169490555,Excluded,Excluded
EM10,0.9953179,2.1077118,0.0003163,3.4e-06,2.198093,pptt1jmatch_run_10_380_365,380.0,365.0,2.85,1.296578443223285,0.9588819945288939,0.4528097309804453,Excluded,Excluded
EM11,1.9099555,2.1425577,0.0001152,2.1e-06,2.198093,pptt1jmatch_run_10_380_365,380.0,365.0,2.85,1.296578443223285,0.97473478146739,0.8689147820406142,Excluded,Excluded
EM12,1.0772644,0.8554152,0.000237,3e-06,2.198093,pptt1jmatch_run_10_380_365,380.0,365.0,2.85,1.296578443223285,0.3891624239738719,0.4900904556813565,Excluded,Excluded
IM0,4.497517,5.705342,0.125677,7.28e-05,1.649893,pptt1jmatch_run_11_400_385,400.0,385.0,2.15,1.3031148080511887,3.458007276835528,2.725944652168353,Included,Included
IM1,2.3827421,2.9732392,0.0953826,6.45e-05,1.649893,pptt1jmatch_run_11_400_385,400.0,385.0,2.15,1.3031148080511887,1.802080013673614,1.4441797740823195,Included,Included
IM2,1.6318525,2.2248708,0.0697188,5.59e-05,1.649893,pptt1jmatch_run_11_400_385,400.0,385.0,2.15,1.3031148080511887,1.348493993246835,0.989065654560629,Included,Excluded
IM3,1.1480059,1.6868781,0.0497547,4.78e-05,1.649893,pptt1jmatch_run_11_400_385,400.0,385.0,2.15,1.3031148080511887,1.0224166658080251,0.6958062734977359,Included,Excluded
IM4,0.9294336,1.4793154,0.0354268,4.06e-05,1.649893,pptt1jmatch_run_11_400_385,400.0,385.0,2.15,1.3031148080511887,0.8966129318689151,0.5633296219815467,Excluded,Excluded
IM5,0.786228,1.1928055,0.0184053,2.95e-05,1.649893,pptt1jmatch_run_11_400_385,400.0,385.0,2.15,1.3031148080511887,0.722959307058094,0.47653272060673024,Excluded,Excluded
IM6,0.761729,1.1167132,0.0095272,2.13e-05,1.649893,pptt1jmatch_run_11_400_385,400.0,385.0,2.15,1.3031148080511887,0.6768397708215017,0.4616838788939646,Excluded,Excluded
IM7,0.7071818,0.8310773,0.0050814,1.56e-05,1.649893,pptt1jmatch_run_11_400_385,400.0,385.0,2.15,1.3031148080511887,0.5037158773326512,0.42862282584385775,Excluded,Excluded
IM8,0.7041972,0.7526089,0.0028494,1.17e-05,1.649893,pptt1jmatch_run_11_400_385,400.0,385.0,2.15,1.3031148080511887,0.45615618709819367,0.4268138600503184,Excluded,Excluded
IM9,0.8371523,0.7842235,0.0015153,8.5e-06,1.649893,pptt1jmatch_run_11_400_385,400.0,385.0,2.15,1.3031148080511887,0.475317793335689,0.5073979342902842,Excluded,Excluded
IM10,1.0910991,1.6969812,0.0008517,6.4e-06,1.649893,pptt1jmatch_run_11_400_385,400.0,385.0,2.15,1.3031148080511887,1.0285401538160353,0.6613150670982907,Included,Excluded
IM11,1.2212733,1.1004174,0.0004582,4.7e-06,1.649893,pptt1jmatch_run_11_400_385,400.0,385.0,2.15,1.3031148080511887,0.6669628878963666,0.7402136380965311,Excluded,Excluded
IM12,1.6757258,1.332831,0.0002074,3.2e-06,1.649893,pptt1jmatch_run_11_400_385,400.0,385.0,2.15,1.3031148080511887,0.8078287501068251,1.0156572577736858,Excluded,Included
EM0,12.1185659,13.5945186,0.0302944,3.76e-05,1.649893,pptt1jmatch_run_11_400_385,400.0,385.0,2.15,1.3031148080511887,8.239636509761542,7.34506171006241,Included,Included
EM1,4.9774342,4.8200548,0.0256638,3.47e-05,1.649893,pptt1jmatch_run_11_400_385,400.0,385.0,2.15,1.3031148080511887,2.921434783952656,3.016822424242057,Included,Included
EM2,2.5124382,2.4908747,0.0199642,3.07e-05,1.649893,pptt1jmatch_run_11_400_385,400.0,385.0,2.15,1.3031148080511887,1.5097189332884011,1.5227885687132439,Included,Included
EM3,1.6223279,1.9697794,0.0143278,2.61e-05,1.649893,pptt1jmatch_run_11_400_385,400.0,385.0,2.15,1.3031148080511887,1.1938831184810166,0.9832927953509711,Included,Excluded
EM4,1.0305557,1.4550862,0.0170215,2.84e-05,1.649893,pptt1jmatch_run_11_400_385,400.0,385.0,2.15,1.3031148080511887,0.8819276159120621,0.6246197177635155,Excluded,Excluded
EM5,0.6902996,0.842814,0.0088781,2.06e-05,1.649893,pptt1jmatch_run_11_400_385,400.0,385.0,2.15,1.3031148080511887,0.510829490154816,0.4183905259310755,Excluded,Excluded
EM6,0.6551403,0.9099133,0.0044458,1.46e-05,1.649893,pptt1jmatch_run_11_400_385,400.0,385.0,2.15,1.3031148080511887,0.5514983698942901,0.3970804773400457,Excluded,Excluded
EM7,0.6414169,0.9444944,0.002232,1.04e-05,1.649893,pptt1jmatch_run_11_400_385,400.0,385.0,2.15,1.3031148080511887,0.5724579715169408,0.38876272582525045,Excluded,Excluded
EM8,0.6086771,0.6959807,0.0013341,8e-06,1.649893,pptt1jmatch_run_11_400_385,400.0,385.0,2.15,1.3031148080511887,0.4218338401338753,0.36891913596821124,Excluded,Excluded
EM9,0.7354818,0.626166,0.0006636,5.7e-06,1.649893,pptt1jmatch_run_11_400_385,400.0,385.0,2.15,1.3031148080511887,0.37951915669682823,0.4457754533172757,Excluded,Excluded
EM10,0.7978889,1.6988781,0.0003935,4.4e-06,1.649893,pptt1jmatch_run_11_400_385,400.0,385.0,2.15,1.3031148080511887,1.0296898647366828,0.4836003910556624,Included,Excluded
EM11,0.8742252,0.9846535,0.0002508,3.5e-06,1.649893,pptt1jmatch_run_11_400_385,400.0,385.0,2.15,1.3031148080511887,0.5967983984415959,0.5298678156704708,Excluded,Excluded
EM12,1.2262775,0.982595,0.0002074,3.2e-06,1.649893,pptt1jmatch_run_11_400_385,400.0,385.0,2.15,1.3031148080511887,0.5955507417753757,0.7432466832697635,Excluded,Excluded
IM0,4.0037248,5.0915915,0.1411855,0.0001123,0.739054,pptt1jmatch_run_12_460_450,460.0,450.0,0.983,1.3300787222584547,6.889336232535106,5.417364360385032,Included,Included
IM1,2.044778,2.5760878,0.1103552,0.000101,0.739054,pptt1jmatch_run_12_460_450,460.0,450.0,0.983,1.3300787222584547,3.485655716632343,2.7667504674895205,Included,Included
IM2,1.363767,1.8719023,0.0829719,8.89e-05,0.739054,pptt1jmatch_run_12_460_450,460.0,450.0,0.983,1.3300787222584547,2.5328356250016912,1.845287353833414,Included,Included
IM3,0.932139,1.3759178,0.0611063,7.72e-05,0.739054,pptt1jmatch_run_12_460_450,460.0,450.0,0.983,1.3300787222584547,1.8617283716751416,1.2612596643817637,Included,Included
IM4,0.7228176,1.1509563,0.0455277,6.72e-05,0.739054,pptt1jmatch_run_12_460_450,460.0,450.0,0.983,1.3300787222584547,1.5573372175781472,0.978030834012129,Included,Excluded
IM5,0.5603803,0.8506541,0.0256962,5.1e-05,0.739054,pptt1jmatch_run_12_460_450,460.0,450.0,0.983,1.3300787222584547,1.1510039861769235,0.7582399932887178,Included,Excluded
IM6,0.5116659,0.7484513,0.0142478,3.82e-05,0.739054,pptt1jmatch_run_12_460_450,460.0,450.0,0.983,1.3300787222584547,1.0127153090301928,0.6923254593033797,Included,Excluded
IM7,0.4368329,0.5146012,0.0082304,2.91e-05,0.739054,pptt1jmatch_run_12_460_450,460.0,450.0,0.983,1.3300787222584547,0.6962971582590717,0.5910703412741153,Excluded,Excluded
IM8,0.4318104,0.4598848,0.0046445,2.19e-05,0.739054,pptt1jmatch_run_12_460_450,460.0,450.0,0.983,1.3300787222584547,0.6222614315056816,0.5842744914444682,Excluded,Excluded
IM9,0.4646369,0.4416808,0.0027058,1.67e-05,0.739054,pptt1jmatch_run_12_460_450,460.0,450.0,0.983,1.3300787222584547,0.5976299431435321,0.6286914082056251,Excluded,Excluded
IM10,0.605677,0.9400292,0.0015364,1.26e-05,0.739054,pptt1jmatch_run_12_460_450,460.0,450.0,0.983,1.3300787222584547,1.2719357448846769,0.8195301019952534,Included,Excluded
IM11,0.6623984,0.5897088,0.0008516,9.4e-06,0.739054,pptt1jmatch_run_12_460_450,460.0,450.0,0.983,1.3300787222584547,0.7979238323586639,0.8962787563560985,Excluded,Excluded
IM12,0.798301,0.6314749,0.000438,6.7e-06,0.739054,pptt1jmatch_run_12_460_450,460.0,450.0,0.983,1.3300787222584547,0.854436752930097,1.0801659959894676,Excluded,Included
EM0,11.8986873,13.324703,0.0308302,5.57e-05,0.739054,pptt1jmatch_run_12_460_450,460.0,450.0,0.983,1.3300787222584547,18.029403805405288,16.09988891204161,Included,Included
EM1,4.6512118,4.5406672,0.0273833,5.26e-05,0.739054,pptt1jmatch_run_12_460_450,460.0,450.0,0.983,1.3300787222584547,6.143890974137207,6.293466783212052,Included,Included
EM2,2.2958435,2.2540118,0.0218656,4.72e-05,0.739054,pptt1jmatch_run_12_460_450,460.0,450.0,0.983,1.3300787222584547,3.0498607679547094,3.106462450646367,Included,Included
EM3,1.4898677,1.8009896,0.0155786,3.99e-05,0.739054,pptt1jmatch_run_12_460_450,460.0,450.0,0.983,1.3300787222584547,2.4368849908125796,2.0159118278231363,Included,Included
EM4,0.8882658,1.2452307,0.0198314,4.5e-05,0.739054,pptt1jmatch_run_12_460_450,460.0,450.0,0.983,1.3300787222584547,1.6848981265239076,1.201895666622466,Included,Included
EM5,0.5375409,0.6528017,0.0114484,3.43e-05,0.739054,pptt1jmatch_run_12_460_450,460.0,450.0,0.983,1.3300787222584547,0.8832936429543715,0.7273364327911086,Excluded,Excluded
EM6,0.4827244,0.6716181,0.0060174,2.49e-05,0.739054,pptt1jmatch_run_12_460_450,460.0,450.0,0.983,1.3300787222584547,0.9087537581827579,0.6531652626195109,Excluded,Excluded
EM7,0.4018209,0.5845014,0.0035859,1.93e-05,0.739054,pptt1jmatch_run_12_460_450,460.0,450.0,0.983,1.3300787222584547,0.7908777978334465,0.5436962657667775,Excluded,Excluded
EM8,0.4187199,0.4777547,0.0019387,1.42e-05,0.739054,pptt1jmatch_run_12_460_450,460.0,450.0,0.983,1.3300787222584547,0.6464408554719953,0.5665619832921546,Excluded,Excluded
EM9,0.4181542,0.3583258,0.0011694,1.1e-05,0.739054,pptt1jmatch_run_12_460_450,460.0,450.0,0.983,1.3300787222584547,0.48484386797175855,0.565796545313333,Excluded,Excluded
EM10,0.4569534,0.9759781,0.0006848,8.4e-06,0.739054,pptt1jmatch_run_12_460_450,460.0,450.0,0.983,1.3300787222584547,1.320577522075518,0.6182950095662834,Included,Excluded
EM11,0.5303593,0.5961107,0.0004136,6.6e-06,0.739054,pptt1jmatch_run_12_460_450,460.0,450.0,0.983,1.3300787222584547,0.806586122258996,0.7176191455563463,Excluded,Excluded
EM12,0.5802289,0.4675401,0.000438,6.7e-06,0.739054,pptt1jmatch_run_12_460_450,460.0,450.0,0.983,1.3300787222584547,0.6326196732579757,0.7850967588295308,Excluded,Excluded
IM0,3.878637,4.9133106,0.145559,0.0001281,0.5759126,pptt1jmatch_run_13_480_470,480.0,470.0,0.771,1.338744802596783,8.531347638513205,6.734766698974809,Included,Included
IM1,1.999293,2.5176456,0.1130202,0.000115,0.5759126,pptt1jmatch_run_13_480_470,480.0,470.0,0.771,1.338744802596783,4.371575825915252,3.4715215468458234,Included,Included
IM2,1.3205992,1.8220336,0.0854293,0.0001015,0.5759126,pptt1jmatch_run_13_480_470,480.0,470.0,0.771,1.338744802596783,3.163732830294041,2.2930548836750577,Included,Included
IM3,0.9128831,1.3417675,0.0624753,8.79e-05,0.5759126,pptt1jmatch_run_13_480_470,480.0,470.0,0.771,1.338744802596783,2.32981098173577,1.585107011029104,Included,Included
IM4,0.6996011,1.1109723,0.047102,7.69e-05,0.5759126,pptt1jmatch_run_13_480_470,480.0,470.0,0.771,1.338744802596783,1.929064062845647,1.214769567465619,Included,Included
IM5,0.5646265,0.8549718,0.0256168,5.74e-05,0.5759126,pptt1jmatch_run_13_480_470,480.0,470.0,0.771,1.338744802596783,1.4845513017079326,0.9804031028319228,Included,Excluded
IM6,0.4997837,0.7279567,0.0146433,4.36e-05,0.5759126,pptt1jmatch_run_13_480_470,480.0,470.0,0.771,1.338744802596783,1.264005510558373,0.8678117130967442,Included,Excluded
IM7,0.4168783,0.4912447,0.008609,3.35e-05,0.5759126,pptt1jmatch_run_13_480_470,480.0,470.0,0.771,1.338744802596783,0.8529848105424329,0.723856883839666,Excluded,Excluded
IM8,0.4126089,0.4409578,0.0048605,2.53e-05,0.5759126,pptt1jmatch_run_13_480_470,480.0,470.0,0.771,1.338744802596783,0.7656679155830243,0.7164436061999685,Excluded,Excluded
IM9,0.4567675,0.4298951,0.0027726,1.91e-05,0.5759126,pptt1jmatch_run_13_480_470,480.0,470.0,0.771,1.338744802596783,0.7464589244965295,0.793119476809502,Excluded,Excluded
IM10,0.5877453,0.9085042,0.0015862,1.44e-05,0.5759126,pptt1jmatch_run_13_480_470,480.0,470.0,0.771,1.338744802596783,1.5775036003726954,1.0205459995145096,Included,Included
IM11,0.5825791,0.5184663,0.0009718,1.13e-05,0.5759126,pptt1jmatch_run_13_480_470,480.0,470.0,0.771,1.338744802596783,0.9002517048593832,1.0115755411498204,Excluded,Included
IM12,0.5137371,0.405563,0.0006773,9.4e-06,0.5759126,pptt1jmatch_run_13_480_470,480.0,470.0,0.771,1.338744802596783,0.704209284533799,0.8920400421869568,Excluded,Excluded
EM0,11.2780198,12.6090497,0.0325388,6.44e-05,0.5759126,pptt1jmatch_run_13_480_470,480.0,470.0,0.771,1.338744802596783,21.894033400206908,19.582866914181075,Included,Included
EM1,4.638035,4.4930536,0.0275909,5.95e-05,0.5759126,pptt1jmatch_run_13_480_470,480.0,470.0,0.771,1.338744802596783,7.801624065873884,8.053366083673113,Included,Included
EM2,2.1931823,2.1599345,0.022954,5.44e-05,0.5759126,pptt1jmatch_run_13_480_470,480.0,470.0,0.771,1.338744802596783,3.7504553642340865,3.808185999056107,Included,Included
EM3,1.508999,1.8182962,0.0153732,4.47e-05,0.5759126,pptt1jmatch_run_13_480_470,480.0,470.0,0.771,1.338744802596783,3.1572433039318812,2.6201875076183434,Included,Included
EM4,0.8161175,1.1468168,0.0214853,5.26e-05,0.5759126,pptt1jmatch_run_13_480_470,480.0,470.0,0.771,1.338744802596783,1.9913035415443248,1.4170856827928406,Included,Included
EM5,0.5626551,0.6823483,0.0109734,3.78e-05,0.5759126,pptt1jmatch_run_13_480_470,480.0,470.0,0.771,1.338744802596783,1.1848122440800914,0.9769800139812881,Included,Excluded
EM6,0.4828907,0.667294,0.0060343,2.81e-05,0.5759126,pptt1jmatch_run_13_480_470,480.0,470.0,0.771,1.338744802596783,1.1586723402127337,0.8384791372857617,Included,Excluded
EM7,0.3804036,0.5577511,0.0037485,2.22e-05,0.5759126,pptt1jmatch_run_13_480_470,480.0,470.0,0.771,1.338744802596783,0.9684648330319567,0.6605231418795143,Excluded,Excluded
EM8,0.388048,0.4439633,0.0020879,1.66e-05,0.5759126,pptt1jmatch_run_13_480_470,480.0,470.0,0.771,1.338744802596783,0.7708865893887371,0.6737966837329137,Excluded,Excluded
EM9,0.4132671,0.350593,0.0011864,1.25e-05,0.5759126,pptt1jmatch_run_13_480_470,480.0,470.0,0.771,1.338744802596783,0.6087607737701867,0.717586487949734,Excluded,Excluded
EM10,0.5113551,1.0882529,0.0006145,9e-06,0.5759126,pptt1jmatch_run_13_480_470,480.0,470.0,0.771,1.338744802596783,1.8896146741710462,0.8879039979330197,Included,Excluded
EM11,0.7475436,0.837701,0.0002945,6.2e-06,0.5759126,pptt1jmatch_run_13_480_470,480.0,470.0,0.771,1.338744802596783,1.454562723579932,1.2980157058553676,Included,Included
EM12,0.3753681,0.3012608,0.0006773,9.4e-06,0.5759126,pptt1jmatch_run_13_480_470,480.0,470.0,0.771,1.338744802596783,0.5231015956240582,0.6517796276726712,Excluded,Excluded
IM0,5.499722,7.0002923,0.1025745,9.75e-05,0.7386938,pptt1jmatch_run_14_460_420,460.0,420.0,0.983,1.330727291876553,9.476581907144746,7.445198538284741,Included,Included
IM1,2.9382014,3.6721397,0.0772891,8.58e-05,0.7386938,pptt1jmatch_run_14_460_420,460.0,420.0,0.983,1.330727291876553,4.971125654499875,3.977563369287789,Included,Included
IM2,2.1013288,2.8831494,0.0539692,7.26e-05,0.7386938,pptt1jmatch_run_14_460_420,460.0,420.0,0.983,1.330727291876553,3.9030372259791544,2.8446547134956326,Included,Included
IM3,1.5122229,2.2255696,0.0376691,6.12e-05,0.7386938,pptt1jmatch_run_14_460_420,460.0,420.0,0.983,1.330727291876553,3.0128445642836046,2.0471579699193363,Included,Included
IM4,1.2667426,2.0190735,0.0258663,5.1e-05,0.7386938,pptt1jmatch_run_14_460_420,460.0,420.0,0.983,1.330727291876553,2.733302350716901,1.7148412508674096,Included,Included
IM5,1.1372729,1.709582,0.012775,3.61e-05,0.7386938,pptt1jmatch_run_14_460_420,460.0,420.0,0.983,1.330727291876553,2.314331053001934,1.5395728243556397,Included,Included
IM6,1.109697,1.6136213,0.0065697,2.6e-05,0.7386938,pptt1jmatch_run_14_460_420,460.0,420.0,0.983,1.330727291876553,2.184425129871132,1.5022422010310632,Included,Included
IM7,1.0788785,1.2698268,0.0033363,1.85e-05,0.7386938,pptt1jmatch_run_14_460_420,460.0,420.0,0.983,1.330727291876553,1.7190164585109555,1.4605219375064473,Included,Included
IM8,1.2836893,1.3765452,0.0015628,1.27e-05,0.7386938,pptt1jmatch_run_14_460_420,460.0,420.0,0.983,1.330727291876553,1.863485519981351,1.7377826915563663,Included,Included
IM9,1.7045454,1.5953396,0.000746,8.8e-06,0.7386938,pptt1jmatch_run_14_460_420,460.0,420.0,0.983,1.330727291876553,2.159676445098091,2.307512801650698,Included,Included
IM10,2.1381427,3.2826468,0.0004388,6.7e-06,0.7386938,pptt1jmatch_run_14_460_420,460.0,420.0,0.983,1.330727291876553,4.443853190591285,2.8944911951338974,Included,Included
IM11,2.6035788,2.3263958,0.0002171,4.7e-06,0.7386938,pptt1jmatch_run_14_460_420,460.0,420.0,0.983,1.330727291876553,3.1493371136998847,3.5245710739686733,Included,Included
IM12,3.2223449,2.5690139,0.0001081,3.3e-06,0.7386938,pptt1jmatch_run_14_460_420,460.0,420.0,0.983,1.330727291876553,3.4777791555851696,4.362220043000225,Included,Included
EM0,14.5452626,16.2207756,0.0252855,5.05e-05,0.7386938,pptt1jmatch_run_14_460_420,460.0,420.0,0.983,1.330727291876553,21.958727147838523,19.69051669311425,Included,Included
EM1,5.4698334,5.3458259,0.0233199,4.85e-05,0.7386938,pptt1jmatch_run_14_460_420,460.0,420.0,0.983,1.330727291876553,7.2368630953718585,7.404737118410903,Included,Included
EM2,3.067771,3.0239119,0.0163001,4.07e-05,0.7386938,pptt1jmatch_run_14_460_420,460.0,420.0,0.983,1.330727291876553,4.093593177579127,4.152967034514166,Included,Included
EM3,1.9744987,2.3722643,0.0118027,3.47e-05,0.7386938,pptt1jmatch_run_14_460_420,460.0,420.0,0.983,1.330727291876553,3.2114311775731705,2.6729596214290687,Included,Included
EM4,1.3450625,1.8873639,0.0130913,3.65e-05,0.7386938,pptt1jmatch_run_14_460_420,460.0,420.0,0.983,1.330727291876553,2.555001679992441,1.8208661017596197,Included,Included
EM5,0.991478,1.2041608,0.0062053,2.52e-05,0.7386938,pptt1jmatch_run_14_460_420,460.0,420.0,0.983,1.330727291876553,1.6301217094281826,1.3422043071161556,Included,Included
EM6,0.9012225,1.2489414,0.0032334,1.82e-05,0.7386938,pptt1jmatch_run_14_460_420,460.0,420.0,0.983,1.330727291876553,1.6907430385905502,1.220021746493608,Included,Included
EM7,0.8083064,1.1790019,0.0017735,1.35e-05,0.7386938,pptt1jmatch_run_14_460_420,460.0,420.0,0.983,1.330727291876553,1.5960630778273759,1.0942374228672287,Included,Included
EM8,0.9983675,1.1395496,0.0008168,9.2e-06,0.7386938,pptt1jmatch_run_14_460_420,460.0,420.0,0.983,1.330727291876553,1.5426548862329699,1.3515309049568305,Included,Included
EM9,1.5807325,1.3603862,0.0003072,5.6e-06,0.7386938,pptt1jmatch_run_14_460_420,460.0,420.0,0.983,1.330727291876553,1.8416104209890487,2.1399022165882537,Included,Included
EM10,1.4124131,3.0124556,0.0002217,4.8e-06,0.7386938,pptt1jmatch_run_14_460_420,460.0,420.0,0.983,1.330727291876553,4.078084315855907,1.9120413627405564,Included,Included
EM11,2.0137776,2.2666906,0.000109,3.4e-06,0.7386938,pptt1jmatch_run_14_460_420,460.0,420.0,0.983,1.330727291876553,3.0685117432960722,2.726133074353677,Included,Included
EM12,2.3579466,1.8777951,0.0001081,3.3e-06,0.7386938,pptt1jmatch_run_14_460_420,460.0,420.0,0.983,1.330727291876553,2.5420480041933478,3.192048721676018,Included,Included
IM0,5.3256696,6.7485386,0.106105,0.000112,0.5751231,pptt1jmatch_run_15_480_440,480.0,440.0,0.771,1.3405825639763036,11.734076756784765,9.260051630685675,Included,Included
IM1,2.8444043,3.5858884,0.0795706,9.84e-05,0.5751231,pptt1jmatch_run_15_480_440,480.0,440.0,0.771,1.3405825639763036,6.2349928215368156,4.945731270401067,Included,Included
IM2,2.0183524,2.7671441,0.0562586,8.38e-05,0.5751231,pptt1jmatch_run_15_480_440,480.0,440.0,0.771,1.3405825639763036,4.811394464941506,3.509426764461382,Included,Included
IM3,1.4504125,2.133617,0.0393919,7.07e-05,0.5751231,pptt1jmatch_run_15_480_440,480.0,440.0,0.771,1.3405825639763036,3.7098440316516585,2.5219166122870047,Included,Included
IM4,1.2022014,1.9143695,0.0274446,5.94e-05,0.5751231,pptt1jmatch_run_15_480_440,480.0,440.0,0.771,1.3405825639763036,3.328625645535712,2.0903375294784716,Included,Included
IM5,1.0559421,1.5909306,0.0137257,4.23e-05,0.5751231,pptt1jmatch_run_15_480_440,480.0,440.0,0.771,1.3405825639763036,2.76624360941162,1.8360279738372534,Included,Included
IM6,1.0479826,1.5179154,0.0069757,3.03e-05,0.5751231,pptt1jmatch_run_15_480_440,480.0,440.0,0.771,1.3405825639763036,2.63928783246578,1.8221883280292517,Included,Included
IM7,0.9840538,1.1595341,0.0036556,2.19e-05,0.5751231,pptt1jmatch_run_15_480_440,480.0,440.0,0.771,1.3405825639763036,2.0161494121867127,1.7110316034949735,Included,Included
IM8,1.0258226,1.0962951,0.0019573,1.61e-05,0.5751231,pptt1jmatch_run_15_480_440,480.0,440.0,0.771,1.3405825639763036,1.9061920830514374,1.783657446553616,Included,Included
IM9,1.1191324,1.0604841,0.0011324,1.22e-05,0.5751231,pptt1jmatch_run_15_480_440,480.0,440.0,0.771,1.3405825639763036,1.843925413533207,1.9459006254487083,Included,Included
IM10,1.5597782,2.4039918,0.000599,8.9e-06,0.5751231,pptt1jmatch_run_15_480_440,480.0,440.0,0.771,1.3405825639763036,4.179960429341127,2.71207711879422,Included,Included
IM11,1.9695426,1.7679194,0.0002869,6.2e-06,0.5751231,pptt1jmatch_run_15_480_440,480.0,440.0,0.771,1.3405825639763036,3.073984334831969,3.424558324991641,Included,Included
IM12,3.0629522,2.4420958,0.0001135,3.9e-06,0.5751231,pptt1jmatch_run_15_480_440,480.0,440.0,0.771,1.3405825639763036,4.2462140713875,5.325733221287755,Included,Included
EM0,13.881592,15.4468696,0.0265344,5.84e-05,0.5751231,pptt1jmatch_run_15_480_440,480.0,440.0,0.771,1.3405825639763036,26.858371016570192,24.13673177098955,Included,Included
EM1,5.4577739,5.3634878,0.0233119,5.49e-05,0.5751231,pptt1jmatch_run_15_480_440,480.0,440.0,0.771,1.3405825639763036,9.325808335641534,9.489749064156873,Included,Included
EM2,2.9676629,2.9469802,0.0168667,4.68e-05,0.5751231,pptt1jmatch_run_15_480_440,480.0,440.0,0.771,1.3405825639763036,5.124085956554345,5.160048170556878,Included,Included
EM3,1.9437714,2.3542734,0.0119473,3.95e-05,0.5751231,pptt1jmatch_run_15_480_440,480.0,440.0,0.771,1.3405825639763036,4.093512154180557,3.3797484399426834,Included,Included
EM4,1.2679875,1.7997496,0.0137188,4.23e-05,0.5751231,pptt1jmatch_run_15_480_440,480.0,440.0,0.771,1.3405825639763036,3.1293293557500994,2.204723649597799,Included,Included
EM5,0.9067692,1.1087962,0.00675,2.98e-05,0.5751231,pptt1jmatch_run_15_480_440,480.0,440.0,0.771,1.3405825639763036,1.9279284730521171,1.5766523723355923,Included,Included
EM6,0.8788658,1.2102739,0.0033201,2.09e-05,0.5751231,pptt1jmatch_run_15_480_440,480.0,440.0,0.771,1.3405825639763036,2.104373654961868,1.5281351070753375,Included,Included
EM7,0.847468,1.2354057,0.0016983,1.5e-05,0.5751231,pptt1jmatch_run_15_480_440,480.0,440.0,0.771,1.3405825639763036,2.1480717780245655,1.4735419251982749,Included,Included
EM8,0.980531,1.1264238,0.0008249,1.04e-05,0.5751231,pptt1jmatch_run_15_480_440,480.0,440.0,0.771,1.3405825639763036,1.958578606910416,1.7049063061455887,Included,Included
EM9,0.9207273,0.7817419,0.0005334,8.4e-06,0.5751231,pptt1jmatch_run_15_480_440,480.0,440.0,0.771,1.3405825639763036,1.3592601305703074,1.6009221330181314,Included,Included
EM10,-1.0,2.1419598,0.0003121,6.4e-06,0.5751231,pptt1jmatch_run_15_480_440,480.0,440.0,0.771,1.3405825639763036,3.724350143473632,-1.738758189333727,Included,Excluded
EM11,1.2629366,1.4259276,0.0001734,4.8e-06,0.5751231,pptt1jmatch_run_15_480_440,480.0,440.0,0.771,1.3405825639763036,2.479343291896987,2.1959413558592935,Included,Included
EM12,2.2552492,1.8106084,0.0001135,3.9e-06,0.5751231,pptt1jmatch_run_15_480_440,480.0,440.0,0.771,1.3405825639763036,3.1482101831764364,3.9213330154883366,Included,Included
IM0,8.9223003,11.3575312,0.0631052,0.0001303,0.2541642,pptt1jmatch_run_17_550_460,550.0,460.0,0.347,1.3652591513675016,44.685802327786526,35.10447301390204,Included,Included
IM1,4.8580887,6.1158339,0.0464889,0.0001129,0.2541642,pptt1jmatch_run_17_550_460,550.0,460.0,0.347,1.3652591513675016,24.06253083636484,19.11397710613847,Included,Included
IM2,3.5272999,4.8498761,0.0321197,9.45e-05,0.2541642,pptt1jmatch_run_17_550_460,550.0,460.0,0.347,1.3652591513675016,19.081664923698934,13.878035931102806,Included,Included
IM3,2.5558302,3.7717858,0.022296,7.91e-05,0.2541642,pptt1jmatch_run_17_550_460,550.0,460.0,0.347,1.3652591513675016,14.839957004172893,10.055822967986837,Included,Included
IM4,2.1134802,3.3542062,0.0155781,6.64e-05,0.2541642,pptt1jmatch_run_17_550_460,550.0,460.0,0.347,1.3652591513675016,13.197004928310124,8.31541263482426,Included,Included
IM5,1.8398177,2.8158002,0.0077751,4.71e-05,0.2541642,pptt1jmatch_run_17_550_460,550.0,460.0,0.347,1.3652591513675016,11.078665681476778,7.238697267357086,Included,Included
IM6,1.9102182,2.7877857,0.0038283,3.31e-05,0.2541642,pptt1jmatch_run_17_550_460,550.0,460.0,0.347,1.3652591513675016,10.968443628174228,7.515685529275957,Included,Included
IM7,1.9405908,2.2938273,0.001845,2.3e-05,0.2541642,pptt1jmatch_run_17_550_460,550.0,460.0,0.347,1.3652591513675016,9.024981881791376,7.635185443111186,Included,Included
IM8,2.1288691,2.2771888,0.0009403,1.64e-05,0.2541642,pptt1jmatch_run_17_550_460,550.0,460.0,0.347,1.3652591513675016,8.959518295652966,8.375959714231982,Included,Included
IM9,2.4975797,2.3618407,0.0005066,1.21e-05,0.2541642,pptt1jmatch_run_17_550_460,550.0,460.0,0.347,1.3652591513675016,9.292578183709587,9.826638448687897,Included,Included
IM10,3.2756871,5.0725537,0.0002843,9e-06,0.2541642,pptt1jmatch_run_17_550_460,550.0,460.0,0.347,1.3652591513675016,19.95778201650744,12.88807432360655,Included,Included
IM11,5.2282333,4.6677325,0.0001081,5.6e-06,0.2541642,pptt1jmatch_run_17_550_460,550.0,460.0,0.347,1.3652591513675016,18.365027411413564,20.570297862562864,Included,Included
IM12,5.6952036,4.4744893,6.17e-05,4.2e-06,0.2541642,pptt1jmatch_run_17_550_460,550.0,460.0,0.347,1.3652591513675016,17.60471891792786,22.407575889916835,Included,Included
EM0,22.066232,24.6329688,0.0166164,6.85e-05,0.2541642,pptt1jmatch_run_17_550_460,550.0,460.0,0.347,1.3652591513675016,96.91753913415029,86.81880453659484,Included,Included
EM1,8.8528261,8.6592325,0.0143691,6.38e-05,0.2541642,pptt1jmatch_run_17_550_460,550.0,460.0,0.347,1.3652591513675016,34.069442116553,34.83112924636908,Included,Included
EM2,5.0884706,5.0473944,0.0098237,5.29e-05,0.2541642,pptt1jmatch_run_17_550_460,550.0,460.0,0.347,1.3652591513675016,19.858793645997352,20.02040649312531,Included,Included
EM3,3.4601848,4.175669,0.0067179,4.38e-05,0.2541642,pptt1jmatch_run_17_550_460,550.0,460.0,0.347,1.3652591513675016,16.429021081647218,13.613973958566941,Included,Included
EM4,2.2307118,3.1514942,0.0078031,4.72e-05,0.2541642,pptt1jmatch_run_17_550_460,550.0,460.0,0.347,1.3652591513675016,12.399441778189061,8.776656193122399,Included,Included
EM5,1.5603505,1.9005978,0.0039468,3.36e-05,0.2541642,pptt1jmatch_run_17_550_460,550.0,460.0,0.347,1.3652591513675016,7.477834407835564,6.1391435143108275,Included,Included
EM6,1.4695241,2.0364433,0.0019833,2.38e-05,0.2541642,pptt1jmatch_run_17_550_460,550.0,460.0,0.347,1.3652591513675016,8.012313693273876,5.781790275735135,Included,Included
EM7,1.602527,2.3176648,0.0009047,1.61e-05,0.2541642,pptt1jmatch_run_17_550_460,550.0,460.0,0.347,1.3652591513675016,9.118769677240147,6.305085452632589,Included,Included
EM8,1.867478,2.1421372,0.0004337,1.12e-05,0.2541642,pptt1jmatch_run_17_550_460,550.0,460.0,0.347,1.3652591513675016,8.428162581512266,7.347525733364494,Included,Included
EM9,2.2041162,1.87138,0.0002224,8e-06,0.2541642,pptt1jmatch_run_17_550_460,550.0,460.0,0.347,1.3652591513675016,7.362878013504655,8.672016751375686,Included,Included
EM10,1.7719257,3.7894711,0.0001762,7.1e-06,0.2541642,pptt1jmatch_run_17_550_460,550.0,460.0,0.347,1.3652591513675016,14.909539187659002,6.971578609418636,Included,Included
EM11,4.7352097,5.3350272,4.64e-05,3.7e-06,0.2541642,pptt1jmatch_run_17_550_460,550.0,460.0,0.347,1.3652591513675016,20.990474661655732,18.630514053513437,Included,Included
EM12,4.1548115,3.3090167,6.17e-05,4.2e-06,0.2541642,pptt1jmatch_run_17_550_460,550.0,460.0,0.347,1.3652591513675016,13.0192084487115,16.346957990149676,Included,Included
IM0,9.0173996,11.3814849,0.062923,6.09e-05,1.247386,pptt1jmatch_run_18_420_350,420.0,350.0,1.64,1.3147494039535474,9.124268590476404,7.229037042262779,Included,Included
IM1,5.026965,6.32541,0.0449286,5.19e-05,1.247386,pptt1jmatch_run_18_420_350,420.0,350.0,1.64,1.3147494039535474,5.070932333696225,4.029999535027649,Included,Included
IM2,3.8252908,5.2438823,0.0296894,4.26e-05,1.247386,pptt1jmatch_run_18_420_350,420.0,350.0,1.64,1.3147494039535474,4.203897029468023,3.0666456092981638,Included,Included
IM3,2.9405191,4.3100716,0.0194886,3.47e-05,1.247386,pptt1jmatch_run_18_420_350,420.0,350.0,1.64,1.3147494039535474,3.455282967742142,2.3573449597798914,Included,Included
IM4,2.5894775,4.1092842,0.0127105,2.81e-05,1.247386,pptt1jmatch_run_18_420_350,420.0,350.0,1.64,1.3147494039535474,3.2943164345278846,2.075923170534221,Included,Included
IM5,2.4103003,3.667494,0.0059573,1.93e-05,1.247386,pptt1jmatch_run_18_420_350,420.0,350.0,1.64,1.3147494039535474,2.940143628355617,1.9322810260817418,Included,Included
IM6,2.6499487,3.8685761,0.0027567,1.31e-05,1.247386,pptt1jmatch_run_18_420_350,420.0,350.0,1.64,1.3147494039535474,3.101346415624353,2.124401508434438,Included,Included
IM7,2.9223247,3.4248913,0.001236,8.8e-06,1.247386,pptt1jmatch_run_18_420_350,420.0,350.0,1.64,1.3147494039535474,2.7456547532199336,2.342758937490079,Included,Included
IM8,3.6821921,3.9576126,0.0005416,5.8e-06,1.247386,pptt1jmatch_run_18_420_350,420.0,350.0,1.64,1.3147494039535474,3.1727248822738106,2.9519267492179644,Included,Included
IM9,3.4843734,3.3009986,0.0003623,4.8e-06,1.247386,pptt1jmatch_run_18_420_350,420.0,350.0,1.64,1.3147494039535474,2.6463328913423747,2.793340152927802,Included,Included
IM10,3.6072356,5.5612143,0.0002589,4e-06,1.247386,pptt1jmatch_run_18_420_350,420.0,350.0,1.64,1.3147494039535474,4.458294625721308,2.891835887207328,Included,Included
IM11,3.5793925,3.2066672,0.0001571,3.1e-06,1.247386,pptt1jmatch_run_18_420_350,420.0,350.0,1.64,1.3147494039535474,2.570709627974019,2.8695147292017062,Included,Included
IM12,3.7975991,3.0330247,9.17e-05,2.4e-06,1.247386,pptt1jmatch_run_18_420_350,420.0,350.0,1.64,1.3147494039535474,2.4315045222569434,3.0444458251094684,Included,Included
EM0,20.3523512,22.9600478,0.0179944,3.33e-05,1.247386,pptt1jmatch_run_18_420_350,420.0,350.0,1.64,1.3147494039535474,18.406529975484734,16.316000981251992,Included,Included
EM1,8.3654078,8.1902192,0.0152391,3.07e-05,1.247386,pptt1jmatch_run_18_420_350,420.0,350.0,1.64,1.3147494039535474,6.565905982590793,6.706350560291681,Included,Included
EM2,4.889158,4.8349897,0.0102008,2.52e-05,1.247386,pptt1jmatch_run_18_420_350,420.0,350.0,1.64,1.3147494039535474,3.8760974549978915,3.919522906301658,Included,Included
EM3,3.4237215,4.1376331,0.0067781,2.06e-05,1.247386,pptt1jmatch_run_18_420_350,420.0,350.0,1.64,1.3147494039535474,3.3170430804899205,2.744716952090211,Included,Included
EM4,2.581479,3.639125,0.0067533,2.05e-05,1.247386,pptt1jmatch_run_18_420_350,420.0,350.0,1.64,1.3147494039535474,2.917400868696618,2.069510961322317,Included,Included
EM5,1.9145794,2.3450034,0.0032006,1.42e-05,1.247386,pptt1jmatch_run_18_420_350,420.0,350.0,1.64,1.3147494039535474,1.8799340380603917,1.5348732469339883,Included,Included
EM6,1.9118052,2.657132,0.0015206,9.8e-06,1.247386,pptt1jmatch_run_18_420_350,420.0,350.0,1.64,1.3147494039535474,2.130160190991401,1.5326492360824957,Included,Included
EM7,2.0715027,3.0182867,0.0006944,6.6e-06,1.247386,pptt1jmatch_run_18_420_350,420.0,350.0,1.64,1.3147494039535474,2.4196894145036096,1.6606749634836369,Included,Included
EM8,4.5395284,5.1898173,0.0001794,3.4e-06,1.247386,pptt1jmatch_run_18_420_350,420.0,350.0,1.64,1.3147494039535474,4.160554391343176,3.6392330842257326,Included,Included
EM9,4.7327909,4.0199664,0.0001034,2.5e-06,1.247386,pptt1jmatch_run_18_420_350,420.0,350.0,1.64,1.3147494039535474,3.222712456288591,3.7941670822023013,Included,Included
EM10,3.0614654,6.5565561,0.0001018,2.5e-06,1.247386,pptt1jmatch_run_18_420_350,420.0,350.0,1.64,1.3147494039535474,5.256236722233535,2.454304762118542,Included,Included
EM11,3.3952184,3.7783697,6.54e-05,2e-06,1.247386,pptt1jmatch_run_18_420_350,420.0,350.0,1.64,1.3147494039535474,3.029030067677527,2.721866687617145,Included,Included
EM12,2.7762827,2.2352155,9.17e-05,2.4e-06,1.247386,pptt1jmatch_run_18_420_350,420.0,350.0,1.64,1.3147494039535474,1.7919196623980065,2.2256805030680153,Included,Included
IM0,7.2249682,9.1673556,0.0782472,8.66e-05,0.7376199,pptt1jmatch_run_19_460_400,460.0,400.0,0.983,1.3326646962751412,12.428292132573972,9.794974620397308,Included,Included
IM1,3.957712,4.9862646,0.0571349,7.48e-05,0.7376199,pptt1jmatch_run_19_460_400,460.0,400.0,0.983,1.3326646962751412,6.759937740291443,5.365516846820428,Included,Included
IM2,2.8882829,3.9485054,0.0393228,6.27e-05,0.7376199,pptt1jmatch_run_19_460_400,460.0,400.0,0.983,1.3326646962751412,5.353035350591816,3.9156792000866574,Included,Included
IM3,2.1434941,3.1687834,0.0264859,5.18e-05,0.7376199,pptt1jmatch_run_19_460_400,460.0,400.0,0.983,1.3326646962751412,4.295957036950874,2.905960237786426,Included,Included
IM4,1.8512275,2.9294447,0.0178947,4.27e-05,0.7376199,pptt1jmatch_run_19_460_400,460.0,400.0,0.983,1.3326646962751412,3.9714827379250477,2.5097309603496325,Included,Included
IM5,1.77137,2.6927453,0.0081299,2.89e-05,0.7376199,pptt1jmatch_run_19_460_400,460.0,400.0,0.983,1.3326646962751412,3.6505865690445716,2.4014672055349915,Included,Included
IM6,1.9057635,2.7718659,0.003841,1.99e-05,0.7376199,pptt1jmatch_run_19_460_400,460.0,400.0,0.983,1.3326646962751412,3.757851299836135,2.583666058901068,Included,Included
IM7,2.1049509,2.4765075,0.0017097,1.33e-05,0.7376199,pptt1jmatch_run_19_460_400,460.0,400.0,0.983,1.3326646962751412,3.3574304326659297,2.853706766859191,Included,Included
IM8,2.0282562,2.1780637,0.0009863,1.01e-05,0.7376199,pptt1jmatch_run_19_460_400,460.0,400.0,0.983,1.3326646962751412,2.952826652317813,2.749730857315536,Included,Included
IM9,1.8376485,1.7365179,0.0006866,8.4e-06,0.7376199,pptt1jmatch_run_19_460_400,460.0,400.0,0.983,1.3326646962751412,2.3542178024210028,2.491321749860599,Included,Included
IM10,2.8325417,4.3795597,0.000329,5.8e-06,0.7376199,pptt1jmatch_run_19_460_400,460.0,400.0,0.983,1.3326646962751412,5.937420750172277,3.840110197677693,Included,Included
IM11,3.4469853,3.0489506,0.0001643,4.1e-06,0.7376199,pptt1jmatch_run_19_460_400,460.0,400.0,0.983,1.3326646962751412,4.13349829634477,4.673118634678918,Included,Included
IM12,3.4604295,2.7555641,0.0001009,3.2e-06,0.7376199,pptt1jmatch_run_19_460_400,460.0,400.0,0.983,1.3326646962751412,3.735750757266717,4.6913450952177405,Included,Included
EM0,17.4214795,19.4141033,0.0211123,4.63e-05,0.7376199,pptt1jmatch_run_19_460_400,460.0,400.0,0.983,1.3326646962751412,26.319928868513447,23.61850527622696,Included,Included
EM1,7.151467,6.9861873,0.0178121,4.26e-05,0.7376199,pptt1jmatch_run_19_460_400,460.0,400.0,0.983,1.3326646962751412,9.47125653741175,9.695328176476801,Included,Included
EM2,3.8939061,3.8584474,0.0128368,3.63e-05,0.7376199,pptt1jmatch_run_19_460_400,460.0,400.0,0.983,1.3326646962751412,5.230942657593701,5.279014435483641,Included,Included
EM3,2.6951501,3.2537524,0.0085912,2.98e-05,0.7376199,pptt1jmatch_run_19_460_400,460.0,400.0,0.983,1.3326646962751412,4.411150512614967,3.653846784773567,Included,Included
EM4,1.7893538,2.5332148,0.0097649,3.17e-05,0.7376199,pptt1jmatch_run_19_460_400,460.0,400.0,0.983,1.3326646962751412,3.4343091882418033,2.425848055346663,Included,Included
EM5,1.4338823,1.7402085,0.0042889,2.11e-05,0.7376199,pptt1jmatch_run_19_460_400,460.0,400.0,0.983,1.3326646962751412,2.3592211923783513,1.9439311493629714,Included,Included
EM6,1.3679324,1.8952619,0.0021313,1.49e-05,0.7376199,pptt1jmatch_run_19_460_400,460.0,400.0,0.983,1.3326646962751412,2.5694289158955717,1.8545220919337995,Included,Included
EM7,1.9889809,2.8979472,0.0007234,8.7e-06,0.7376199,pptt1jmatch_run_19_460_400,460.0,400.0,0.983,1.3326646962751412,3.9287812056046754,2.6964848697818486,Included,Included
EM8,2.702586,3.1052965,0.0002997,5.6e-06,0.7376199,pptt1jmatch_run_19_460_400,460.0,400.0,0.983,1.3326646962751412,4.209887097677273,3.663927722123549,Included,Included
EM9,1.3713885,1.1615917,0.0003575,6.1e-06,0.7376199,pptt1jmatch_run_19_460_400,460.0,400.0,0.983,1.3326646962751412,1.574783570779476,1.8592075674747928,Included,Included
EM10,1.8881905,4.0586317,0.0001647,4.1e-06,0.7376199,pptt1jmatch_run_19_460_400,460.0,400.0,0.983,1.3326646962751412,5.5023348746420755,2.559842135495531,Included,Included
EM11,3.4791649,3.908036,6.35e-05,2.6e-06,0.7376199,pptt1jmatch_run_19_460_400,460.0,400.0,0.983,1.3326646962751412,5.298170507601544,4.716744898015902,Included,Included
EM12,2.5156692,2.0259131,0.0001009,3.2e-06,0.7376199,pptt1jmatch_run_19_460_400,460.0,400.0,0.983,1.3326646962751412,2.7465542890044046,3.4105224113394987,Included,Included
IM0,3.9023334,4.9598385,0.1444706,0.0001603,0.3572985,pptt1jmatch_run_21_520_500,520.0,500.0,0.484,1.3546096611096883,13.881498243065671,10.921773810973177,Included,Included
IM1,2.00052,2.5252475,0.112534,0.0001441,0.3572985,pptt1jmatch_run_21_520_500,520.0,500.0,0.484,1.3546096611096883,7.067612934283239,5.599015948849491,Included,Included
IM2,1.3470369,1.8506219,0.0841082,0.0001266,0.3572985,pptt1jmatch_run_21_520_500,520.0,500.0,0.484,1.3546096611096883,5.179484100828859,3.770060327709184,Included,Included
IM3,0.9138537,1.3464088,0.0621971,0.0001101,0.3572985,pptt1jmatch_run_21_520_500,520.0,500.0,0.484,1.3546096611096883,3.7683024138080623,2.55767572491908,Included,Included
IM4,0.7138282,1.1394934,0.0458094,9.53e-05,0.3572985,pptt1jmatch_run_21_520_500,520.0,500.0,0.484,1.3546096611096883,3.1891916702700964,1.9978482977118572,Included,Included
IM5,0.5681377,0.8632812,0.0253765,7.17e-05,0.3572985,pptt1jmatch_run_21_520_500,520.0,500.0,0.484,1.3546096611096883,2.416134408624721,1.5900925976459457,Included,Included
IM6,0.5245696,0.7682293,0.0138896,5.34e-05,0.3572985,pptt1jmatch_run_21_520_500,520.0,500.0,0.484,1.3546096611096883,2.1501050242304403,1.4681550580257123,Included,Included
IM7,0.4747519,0.5592073,0.007566,3.95e-05,0.3572985,pptt1jmatch_run_21_520_500,520.0,500.0,0.484,1.3546096611096883,1.565098370130297,1.3287262610954145,Included,Included
IM8,0.4957416,0.5301897,0.0040426,2.89e-05,0.3572985,pptt1jmatch_run_21_520_500,520.0,500.0,0.484,1.3546096611096883,1.4838844831422464,1.3874718197809395,Included,Included
IM9,0.5694799,0.5384338,0.0022149,2.14e-05,0.3572985,pptt1jmatch_run_21_520_500,520.0,500.0,0.484,1.3546096611096883,1.5069579077438051,1.593849120553263,Included,Included
IM10,0.7748345,1.1991406,0.0012038,1.58e-05,0.3572985,pptt1jmatch_run_21_520_500,520.0,500.0,0.484,1.3546096611096883,3.3561310780761744,2.1685915278121795,Included,Included
IM11,0.7754708,0.6966345,0.0007265,1.23e-05,0.3572985,pptt1jmatch_run_21_520_500,520.0,500.0,0.484,1.3546096611096883,1.9497269090130522,2.170372391711692,Included,Included
IM12,0.8319809,0.6640438,0.0004172,9.3e-06,0.3572985,pptt1jmatch_run_21_520_500,520.0,500.0,0.484,1.3546096611096883,1.8585127001652677,2.3285317458651518,Included,Included
EM0,11.4563844,12.8296106,0.0319367,8.02e-05,0.3572985,pptt1jmatch_run_21_520_500,520.0,500.0,0.484,1.3546096611096883,35.907261295527405,32.06390287112876,Included,Included
EM1,4.4930919,4.3638514,0.0284257,7.58e-05,0.3572985,pptt1jmatch_run_21_520_500,520.0,500.0,0.484,1.3546096611096883,12.213461293568262,12.575177057838193,Included,Included
EM2,2.2807381,2.2665131,0.0219111,6.68e-05,0.3572985,pptt1jmatch_run_21_520_500,520.0,500.0,0.484,1.3546096611096883,6.343472194817498,6.383284844464782,Included,Included
EM3,1.4136854,1.7123276,0.0163877,5.79e-05,0.3572985,pptt1jmatch_run_21_520_500,520.0,500.0,0.484,1.3546096611096883,4.792428739555302,3.956594835970484,Included,Included
EM4,0.8557117,1.2026953,0.0204329,6.45e-05,0.3572985,pptt1jmatch_run_21_520_500,520.0,500.0,0.484,1.3546096611096883,3.3660799023785435,2.3949490412078416,Included,Included
EM5,0.5350987,0.6518664,0.0114869,4.86e-05,0.3572985,pptt1jmatch_run_21_520_500,520.0,500.0,0.484,1.3546096611096883,1.8244308330429597,1.4976236955934603,Included,Included
EM6,0.4619957,0.636963,0.0063236,3.61e-05,0.3572985,pptt1jmatch_run_21_520_500,520.0,500.0,0.484,1.3546096611096883,1.7827194908458892,1.293024459940358,Included,Included
EM7,0.4099087,0.5938978,0.0035234,2.7e-05,0.3572985,pptt1jmatch_run_21_520_500,520.0,500.0,0.484,1.3546096611096883,1.6621894578342757,1.147244390894448,Included,Included
EM8,0.4436745,0.5078681,0.0018277,1.95e-05,0.3572985,pptt1jmatch_run_21_520_500,520.0,500.0,0.484,1.3546096611096883,1.4214112289864078,1.2417474464628315,Included,Included
EM9,0.4828256,0.4112479,0.001011,1.45e-05,0.3572985,pptt1jmatch_run_21_520_500,520.0,500.0,0.484,1.3546096611096883,1.1509925174608904,1.3513227735352933,Included,Included
EM10,0.6574876,1.398639,0.0004774,1e-05,0.3572985,pptt1jmatch_run_21_520_500,520.0,500.0,0.484,1.3546096611096883,3.914483268191722,1.8401633368178145,Included,Included
EM11,0.7094381,0.7954046,0.0003093,8e-06,0.3572985,pptt1jmatch_run_21_520_500,520.0,500.0,0.484,1.3546096611096883,2.2261627182873704,1.985561372353928,Included,Included
EM12,0.6096915,0.4943467,0.0004172,9.3e-06,0.3572985,pptt1jmatch_run_21_520_500,520.0,500.0,0.484,1.3546096611096883,1.3835678011522576,1.7063925541249125,Included,Included
IM0,3.8569101,4.9090925,0.1462445,0.0001437,0.451603,pptt1jmatch_run_22_500_490,500.0,490.0,0.609,1.3485295713270284,10.870371764580838,8.540488216420174,Included,Included
IM1,1.9702951,2.4887235,0.1146143,0.0001296,0.451603,pptt1jmatch_run_22_500_490,500.0,490.0,0.609,1.3485295713270284,5.510865738270118,4.362891964845229,Included,Included
IM2,1.3075265,1.7967,0.0867662,0.0001145,0.451603,pptt1jmatch_run_22_500_490,500.0,490.0,0.609,1.3485295713270284,3.9784943855554546,2.8953007398090804,Included,Included
IM3,0.8839569,1.3027098,0.064455,9.99e-05,0.451603,pptt1jmatch_run_22_500_490,500.0,490.0,0.609,1.3485295713270284,2.8846349559236764,1.9573760581749902,Included,Included
IM4,0.6869631,1.0904503,0.0477997,8.68e-05,0.451603,pptt1jmatch_run_22_500_490,500.0,490.0,0.609,1.3485295713270284,2.414621470627963,1.5211659355673015,Included,Included
IM5,0.5360608,0.8130472,0.0268584,6.58e-05,0.451603,pptt1jmatch_run_22_500_490,500.0,490.0,0.609,1.3485295713270284,1.8003582792851243,1.1870178010332084,Included,Included
IM6,0.4660396,0.6834749,0.0155964,5.04e-05,0.451603,pptt1jmatch_run_22_500_490,500.0,490.0,0.609,1.3485295713270284,1.5134418947615496,1.0319674581435465,Included,Included
IM7,0.4116487,0.4831068,0.0087279,3.78e-05,0.451603,pptt1jmatch_run_22_500_490,500.0,490.0,0.609,1.3485295713270284,1.0697599440216297,0.9115278242172882,Included,Excluded
IM8,0.4057192,0.4312123,0.0049535,2.86e-05,0.451603,pptt1jmatch_run_22_500_490,500.0,490.0,0.609,1.3485295713270284,0.9548481741706765,0.8983979291545894,Excluded,Excluded
IM9,0.4198479,0.3968071,0.0030118,2.23e-05,0.451603,pptt1jmatch_run_22_500_490,500.0,490.0,0.609,1.3485295713270284,0.8786635606937954,0.9296835937759492,Excluded,Excluded
IM10,0.5837956,0.9035685,0.001595,1.62e-05,0.451603,pptt1jmatch_run_22_500_490,500.0,490.0,0.609,1.3485295713270284,2.000802696173409,1.2927186046151156,Included,Included
IM11,0.5915958,0.5271238,0.0009565,1.26e-05,0.451603,pptt1jmatch_run_22_500_490,500.0,490.0,0.609,1.3485295713270284,1.1672282956490547,1.309990854799459,Included,Included
IM12,0.6404187,0.5130227,0.0005424,9.5e-06,0.451603,pptt1jmatch_run_22_500_490,500.0,490.0,0.609,1.3485295713270284,1.1360037466535875,1.4181010755021557,Included,Included
EM0,11.662491,13.0147196,0.0316302,7.12e-05,0.451603,pptt1jmatch_run_22_500_490,500.0,490.0,0.609,1.3485295713270284,28.81893964389076,25.824653512044872,Included,Included
EM1,4.5806078,4.4778246,0.027848,6.69e-05,0.451603,pptt1jmatch_run_22_500_490,500.0,490.0,0.609,1.3485295713270284,9.915400473424668,10.142996835716326,Included,Included
EM2,2.2428565,2.2042123,0.0223113,6.01e-05,0.451603,pptt1jmatch_run_22_500_490,500.0,490.0,0.609,1.3485295713270284,4.880862837492223,4.966434013945877,Included,Included
EM3,1.3839876,1.6894972,0.0166553,5.21e-05,0.451603,pptt1jmatch_run_22_500_490,500.0,490.0,0.609,1.3485295713270284,3.741111551517594,3.0646111739736006,Included,Included
EM4,0.8347878,1.1783048,0.0209413,5.83e-05,0.451603,pptt1jmatch_run_22_500_490,500.0,490.0,0.609,1.3485295713270284,2.609160700881084,1.8484992349475093,Included,Included
EM5,0.5475018,0.6653313,0.011262,4.29e-05,0.451603,pptt1jmatch_run_22_500_490,500.0,490.0,0.609,1.3485295713270284,1.4732658994736527,1.2123519994331307,Included,Included
EM6,0.4237372,0.5876596,0.0068685,3.36e-05,0.451603,pptt1jmatch_run_22_500_490,500.0,490.0,0.609,1.3485295713270284,1.301274792240087,0.938295804057989,Included,Excluded
EM7,0.3812823,0.55374,0.0037745,2.49e-05,0.451603,pptt1jmatch_run_22_500_490,500.0,490.0,0.609,1.3485295713270284,1.226165459485433,0.844286463996032,Included,Excluded
EM8,0.4210208,0.4803377,0.0019417,1.79e-05,0.451603,pptt1jmatch_run_22_500_490,500.0,490.0,0.609,1.3485295713270284,1.0636282309904939,0.9322807864429599,Included,Excluded
EM9,0.3461239,0.2944557,0.0014169,1.53e-05,0.451603,pptt1jmatch_run_22_500_490,500.0,490.0,0.609,1.3485295713270284,0.6520233479405584,0.7664340139458773,Excluded,Excluded
EM10,0.4886136,1.0450935,0.0006385,1.03e-05,0.451603,pptt1jmatch_run_22_500_490,500.0,490.0,0.609,1.3485295713270284,2.3141863539436187,1.0819538399877768,Included,Included
EM11,0.5302332,0.5927419,0.0004141,8.3e-06,0.451603,pptt1jmatch_run_22_500_490,500.0,490.0,0.609,1.3485295713270284,1.3125287033079942,1.1741135466327726,Included,Included
EM12,0.4711989,0.3749587,0.0005424,9.5e-06,0.451603,pptt1jmatch_run_22_500_490,500.0,490.0,0.609,1.3485295713270284,0.8302838997969455,1.0433918729503568,Excluded,Included
IM0,3.5732304,4.5389587,0.1578298,0.0002528,0.1487238,pptt1jmatch_run_23_600_580,600.0,580.0,0.205,1.378394043186094,30.51938358218389,24.025948772153484,Included,Included
IM1,1.8098753,2.2770533,0.1248102,0.0002291,0.1487238,pptt1jmatch_run_23_600_580,600.0,580.0,0.205,1.378394043186094,15.310618071888966,12.169372353315342,Included,Included
IM2,1.1868527,1.6303095,0.0952738,0.0002035,0.1487238,pptt1jmatch_run_23_600_580,600.0,580.0,0.205,1.378394043186094,10.96199465048634,7.980247277167475,Included,Included
IM3,0.793293,1.1713346,0.0716251,0.0001788,0.1487238,pptt1jmatch_run_23_600_580,600.0,580.0,0.205,1.378394043186094,7.87590553764764,5.334001686347444,Included,Included
IM4,0.5964525,0.9480011,0.055336,0.0001585,0.1487238,pptt1jmatch_run_23_600_580,600.0,580.0,0.205,1.378394043186094,6.37423936182373,4.010471088016848,Included,Included
IM5,0.4613358,0.7016315,0.0312506,0.0001206,0.1487238,pptt1jmatch_run_23_600_580,600.0,580.0,0.205,1.378394043186094,4.717681366398653,3.1019635055048354,Included,Included
IM6,0.4094408,0.5998062,0.0177646,9.16e-05,0.1487238,pptt1jmatch_run_23_600_580,600.0,580.0,0.205,1.378394043186094,4.033020942176034,2.7530280963773115,Included,Included
IM7,0.3399371,0.398632,0.0106044,7.1e-05,0.1487238,pptt1jmatch_run_23_600_580,600.0,580.0,0.205,1.378394043186094,2.680351093772483,2.2856940180388077,Included,Included
IM8,0.3347902,0.3569632,0.005991,5.35e-05,0.1487238,pptt1jmatch_run_23_600_580,600.0,580.0,0.205,1.378394043186094,2.400175358617787,2.251086914132103,Included,Included
IM9,0.3390465,0.3231344,0.0037238,4.22e-05,0.1487238,pptt1jmatch_run_23_600_580,600.0,580.0,0.205,1.378394043186094,2.1727147907732323,2.2797057364053366,Included,Included
IM10,0.4320614,0.6704616,0.0021477,3.21e-05,0.1487238,pptt1jmatch_run_23_600_580,600.0,580.0,0.205,1.378394043186094,4.508098905487891,2.9051261465885085,Included,Included
IM11,0.4511744,0.4016174,0.0012519,2.45e-05,0.1487238,pptt1jmatch_run_23_600_580,600.0,580.0,0.205,1.378394043186094,2.7004245453653017,3.033639538527122,Included,Included
IM12,0.3917683,0.3097462,0.0008948,2.07e-05,0.1487238,pptt1jmatch_run_23_600_580,600.0,580.0,0.205,1.378394043186094,2.082694229168432,2.6342004440445983,Included,Included
EM0,11.1350961,12.4270639,0.0330196,0.0001239,0.1487238,pptt1jmatch_run_23_600_580,600.0,580.0,0.205,1.378394043186094,83.55800416611196,74.87097626607175,Included,Included
EM1,4.3248741,4.2001431,0.0295364,0.0001174,0.1487238,pptt1jmatch_run_23_600_580,600.0,580.0,0.205,1.378394043186094,28.241230388142316,29.079905838877167,Included,Included
EM2,2.1155846,2.0999079,0.0236487,0.0001053,0.1487238,pptt1jmatch_run_23_600_580,600.0,580.0,0.205,1.378394043186094,14.119514832192293,14.224922978030417,Included,Included
EM3,1.4237469,1.7144598,0.016289,8.78e-05,0.1487238,pptt1jmatch_run_23_600_580,600.0,580.0,0.205,1.378394043186094,11.527810612692791,9.573093882754476,Included,Included
EM4,0.7271214,1.022673,0.0240855,0.0001063,0.1487238,pptt1jmatch_run_23_600_580,600.0,580.0,0.205,1.378394043186094,6.876323762571962,4.889072226503089,Included,Included
EM5,0.454815,0.5579953,0.013486,8e-05,0.1487238,pptt1jmatch_run_23_600_580,600.0,580.0,0.205,1.378394043186094,3.7518897446138415,3.0581184719594314,Included,Included
EM6,0.4084845,0.5638365,0.0071602,5.85e-05,0.1487238,pptt1jmatch_run_23_600_580,600.0,580.0,0.205,1.378394043186094,3.791165233809249,2.746598056262683,Included,Included
EM7,0.3112816,0.4542993,0.0046134,4.7e-05,0.1487238,pptt1jmatch_run_23_600_580,600.0,580.0,0.205,1.378394043186094,3.0546509704566454,2.0930180643582266,Included,Included
EM8,0.3574138,0.4113043,0.0022672,3.3e-05,0.1487238,pptt1jmatch_run_23_600_580,600.0,580.0,0.205,1.378394043186094,2.7655580344235426,2.403205135963444,Included,Included
EM9,0.310151,0.2650384,0.0015761,2.75e-05,0.1487238,pptt1jmatch_run_23_600_580,600.0,580.0,0.205,1.378394043186094,1.7820846428076746,2.085416053113221,Included,Included
EM10,0.3501435,0.7464473,0.0008958,2.07e-05,0.1487238,pptt1jmatch_run_23_600_580,600.0,580.0,0.205,1.378394043186094,5.019017131084602,2.3543205593186833,Included,Included
EM11,0.6165204,0.6929027,0.0003571,1.31e-05,0.1487238,pptt1jmatch_run_23_600_580,600.0,580.0,0.205,1.378394043186094,4.658990020427128,4.145405106647356,Included,Included
EM12,0.2848754,0.2285706,0.0008948,2.07e-05,0.1487238,pptt1jmatch_run_23_600_580,600.0,580.0,0.205,1.378394043186094,1.5368797731096169,1.9154661190744187,Included,Included
IM0,6.7908683,8.6120683,0.0831272,7.37e-05,1.091815,pptt1jmatch_run_24_430_380,430.0,380.0,1.44,1.3189047595059602,7.887845743097504,6.219797584755659,Included,Included
IM1,3.7525901,4.7320244,0.06025,6.35e-05,1.091815,pptt1jmatch_run_24_430_380,430.0,380.0,1.44,1.3189047595059602,4.334089932818289,3.4370200995589912,Included,Included
IM2,2.7686774,3.8003939,0.0409949,5.29e-05,1.091815,pptt1jmatch_run_24_430_380,430.0,380.0,1.44,1.3189047595059602,3.4808038907690406,2.53584847249763,Included,Included
IM3,2.0711426,3.0528846,0.0274343,4.36e-05,1.091815,pptt1jmatch_run_24_430_380,430.0,380.0,1.44,1.3189047595059602,2.7961555758072567,1.8969721060802425,Included,Included
IM4,1.7851954,2.8372815,0.0184292,3.59e-05,1.091815,pptt1jmatch_run_24_430_380,430.0,380.0,1.44,1.3189047595059602,2.5986833850057014,1.635071326186213,Included,Included
IM5,1.6621171,2.5367072,0.0086452,2.47e-05,1.091815,pptt1jmatch_run_24_430_380,430.0,380.0,1.44,1.3189047595059602,2.323385555245165,1.522343162532114,Included,Included
IM6,2.0007702,2.9254993,0.0036492,1.61e-05,1.091815,pptt1jmatch_run_24_430_380,430.0,380.0,1.44,1.3189047595059602,2.679482604653719,1.8325175968456193,Included,Included
IM7,1.9654863,2.3111308,0.0018267,1.14e-05,1.091815,pptt1jmatch_run_24_430_380,430.0,380.0,1.44,1.3189047595059602,2.1167787583061233,1.8002008582039999,Included,Included
IM8,2.1995794,2.3489452,0.0009117,8.1e-06,1.091815,pptt1jmatch_run_24_430_380,430.0,380.0,1.44,1.3189047595059602,2.15141319729075,2.014608152480045,Included,Included
IM9,2.9597147,2.7840278,0.0004284,5.5e-06,1.091815,pptt1jmatch_run_24_430_380,430.0,380.0,1.44,1.3189047595059602,2.5499079972339636,2.7108206976456635,Included,Included
IM10,4.7109735,7.3075433,0.0001975,3.8e-06,1.091815,pptt1jmatch_run_24_430_380,430.0,380.0,1.44,1.3189047595059602,6.693023360184647,4.314809285455869,Included,Included
IM11,5.2035701,4.6701265,0.0001082,2.8e-06,1.091815,pptt1jmatch_run_24_430_380,430.0,380.0,1.44,1.3189047595059602,4.277397269683967,4.765981507856185,Included,Included
IM12,7.1578028,5.6875387,4.87e-05,1.9e-06,1.091815,pptt1jmatch_run_24_430_380,430.0,380.0,1.44,1.3189047595059602,5.20925129257246,6.555875125364645,Included,Included
EM0,16.008029,17.9319032,0.0228772,3.99e-05,1.091815,pptt1jmatch_run_24_430_380,430.0,380.0,1.44,1.3189047595059602,16.423939220472334,14.661851137784332,Included,Included
EM1,6.6124117,6.4218081,0.0192551,3.67e-05,1.091815,pptt1jmatch_run_24_430_380,430.0,380.0,1.44,1.3189047595059602,5.8817731025860605,6.056348099265901,Included,Included
EM2,3.6836206,3.6495548,0.0135606,3.09e-05,1.091815,pptt1jmatch_run_24_430_380,430.0,380.0,1.44,1.3189047595059602,3.342649441526266,3.373850514968195,Included,Included
EM3,2.5765795,3.1261906,0.0090051,2.52e-05,1.091815,pptt1jmatch_run_24_430_380,430.0,380.0,1.44,1.3189047595059602,2.8632969871269403,2.359904837357977,Included,Included
EM4,1.7881675,2.5150771,0.009784,2.63e-05,1.091815,pptt1jmatch_run_24_430_380,430.0,380.0,1.44,1.3189047595059602,2.3035744150794777,1.637793490655468,Included,Included
EM5,1.2227332,1.5043578,0.0049961,1.88e-05,1.091815,pptt1jmatch_run_24_430_380,430.0,380.0,1.44,1.3189047595059602,1.3778504600138302,1.1199087757541342,Included,Included
EM6,1.5795556,2.2213804,0.0018225,1.14e-05,1.091815,pptt1jmatch_run_24_430_380,430.0,380.0,1.44,1.3189047595059602,2.034575820995315,1.4467245824613144,Included,Included
EM7,1.5641863,2.2897268,0.000915,8.1e-06,1.091815,pptt1jmatch_run_24_430_380,430.0,380.0,1.44,1.3189047595059602,2.0971747045058,1.4326477471000125,Included,Included
EM8,1.6735812,1.9288681,0.0004833,5.9e-06,1.091815,pptt1jmatch_run_24_430_380,430.0,380.0,1.44,1.3189047595059602,1.7666620260758463,1.5328432014581226,Included,Included
EM9,2.1230374,1.786392,0.000231,4.1e-06,1.091815,pptt1jmatch_run_24_430_380,430.0,380.0,1.44,1.3189047595059602,1.636167299405119,1.9445028690758048,Included,Included
EM10,3.5132346,7.4697023,8.93e-05,2.5e-06,1.091815,pptt1jmatch_run_24_430_380,430.0,380.0,1.44,1.3189047595059602,6.841545774696263,3.2177929411118185,Included,Included
EM11,3.6903985,4.1639159,5.95e-05,2.1e-06,1.091815,pptt1jmatch_run_24_430_380,430.0,380.0,1.44,1.3189047595059602,3.8137559018698224,3.380058434808095,Included,Included
EM12,5.234612,4.2112996,4.87e-05,1.9e-06,1.091815,pptt1jmatch_run_24_430_380,430.0,380.0,1.44,1.3189047595059602,3.857154920934408,4.79441297289376,Included,Included
