filename,Total xsec (pb),Total MC Events,Coupling,Mode,$m_{med}$,$m_{DM}$,$g_{DM}$,$g_{q}$,analysis name,signal region,sig95(exp),sig95(obs),efficiency,stat
/home/yoxara/Insync/DMSimp_vector_axial_pp_xxj_NLO_eff/Events/run_01/events_PYTHIA8_0.hepmc.gz,8.191,20000,Axial,DM+QCDjets,20.0,100.0,1.0,0.25,atlas_exot_2018_06,EM11,-1.0,-1.0,0.0,0.0
/home/yoxara/Insync/DMSimp_vector_axial_pp_xxj_NLO_eff/Events/run_02/events_PYTHIA8_0.hepmc.gz,0.7895,20000,Axial,DM+QCDjets,20.0,200.0,1.0,0.25,atlas_exot_2018_06,EM11,-1.0,-1.0,0.0,0.0
/home/yoxara/Insync/DMSimp_vector_axial_pp_xxj_NLO_eff/Events/run_03/events_PYTHIA8_0.hepmc.gz,0.1747,20000,Axial,DM+QCDjets,20.0,300.0,1.0,0.25,atlas_exot_2018_06,EM11,-1.0,-1.0,0.0,0.0
/home/yoxara/Insync/DMSimp_vector_axial_pp_xxj_NLO_eff/Events/run_04/events_PYTHIA8_0.hepmc.gz,0.01977,20000,Axial,DM+QCDjets,20.0,500.0,1.0,0.25,atlas_exot_2018_06,EM11,0.039523,0.0443907,0.0055693,0.0436581
/home/yoxara/Insync/DMSimp_vector_axial_pp_xxj_NLO_eff/Events/run_05/events_PYTHIA8_0.hepmc.gz,90070.0,20000,Axial,DM+QCDjets,55.0,0.0,1.0,0.25,atlas_exot_2018_06,EM11,-1.0,-1.0,0.0,0.0
/home/yoxara/Insync/DMSimp_vector_axial_pp_xxj_NLO_eff/Events/run_06/events_PYTHIA8_0.hepmc.gz,44920.0,20000,Axial,DM+QCDjets,55.0,20.0,1.0,0.25,atlas_exot_2018_06,EM11,-1.0,-1.0,0.0,0.0
/home/yoxara/Insync/DMSimp_vector_axial_pp_xxj_NLO_eff/Events/run_07/events_PYTHIA8_0.hepmc.gz,8.615,20000,Axial,DM+QCDjets,55.0,100.0,1.0,0.25,atlas_exot_2018_06,EM11,-1.0,-1.0,0.0,0.0
/home/yoxara/Insync/DMSimp_vector_axial_pp_xxj_NLO_eff/Events/run_08/events_PYTHIA8_0.hepmc.gz,0.173,20000,Axial,DM+QCDjets,55.0,300.0,1.0,0.25,atlas_exot_2018_06,EM11,-1.0,-1.0,0.0,0.0
/home/yoxara/Insync/DMSimp_vector_axial_pp_xxj_NLO_eff/Events/run_09/events_PYTHIA8_0.hepmc.gz,0.01971,20000,Axial,DM+QCDjets,55.0,500.0,1.0,0.25,atlas_exot_2018_06,EM11,0.6071468,0.6818644,0.0003619,0.0112131
/home/yoxara/Insync/DMSimp_vector_axial_pp_xxj_NLO_eff/Events/run_10/events_PYTHIA8_0.hepmc.gz,2703.0,20000,Axial,DM+QCDjets,200.0,0.0,1.0,0.25,atlas_exot_2018_06,EM11,-1.0,-1.0,0.0,0.0
/home/yoxara/Insync/DMSimp_vector_axial_pp_xxj_NLO_eff/Events/run_11/events_PYTHIA8_0.hepmc.gz,2126.0,20000,Axial,DM+QCDjets,200.0,50.0,1.0,0.25,atlas_exot_2018_06,EM11,-1.0,-1.0,0.0,0.0
/home/yoxara/Insync/DMSimp_vector_axial_pp_xxj_NLO_eff/Events/run_12/events_PYTHIA8_0.hepmc.gz,54.74,20000,Axial,DM+QCDjets,200.0,100.0,1.0,0.25,atlas_exot_2018_06,EM11,-1.0,-1.0,0.0,0.0
/home/yoxara/Insync/DMSimp_vector_axial_pp_xxj_NLO_eff/Events/run_13/events_PYTHIA8_0.hepmc.gz,17.87,20000,Axial,DM+QCDjets,200.0,110.0,1.0,0.25,atlas_exot_2018_06,EM11,1.478504,1.6606093,0.0001487,0.0002437
/home/yoxara/Insync/DMSimp_vector_axial_pp_xxj_NLO_eff/Events/run_14/events_PYTHIA8_0.hepmc.gz,3.322,20000,Axial,DM+QCDjets,200.0,150.0,1.0,0.25,atlas_exot_2018_06,EM11,-1.0,-1.0,0.0,0.0
/home/yoxara/Insync/DMSimp_vector_axial_pp_xxj_NLO_eff/Events/run_15/events_PYTHIA8_0.hepmc.gz,0.184,20000,Axial,DM+QCDjets,200.0,300.0,1.0,0.25,atlas_exot_2018_06,EM11,-1.0,-1.0,0.0,0.0
/home/yoxara/Insync/DMSimp_vector_axial_pp_xxj_NLO_eff/Events/run_16/events_PYTHIA8_0.hepmc.gz,0.021,20000,Axial,DM+QCDjets,200.0,500.0,1.0,0.25,atlas_exot_2018_06,EM11,-1.0,-1.0,0.0,0.0
/home/yoxara/Insync/DMSimp_vector_axial_pp_xxj_NLO_eff/Events/run_17/events_PYTHIA8_0.hepmc.gz,794.9,20000,Axial,DM+QCDjets,300.0,0.0,1.0,0.25,atlas_exot_2018_06,EM11,-1.0,-1.0,0.0,0.0
/home/yoxara/Insync/DMSimp_vector_axial_pp_xxj_NLO_eff/Events/run_18/events_PYTHIA8_0.hepmc.gz,715.2,20000,Axial,DM+QCDjets,300.0,50.0,1.0,0.25,atlas_exot_2018_06,EM11,-1.0,-1.0,0.0,0.0
/home/yoxara/Insync/DMSimp_vector_axial_pp_xxj_NLO_eff/Events/run_19/events_PYTHIA8_0.hepmc.gz,466.6,20000,Axial,DM+QCDjets,300.0,100.0,1.0,0.25,atlas_exot_2018_06,EM11,-1.0,-1.0,0.0,0.0
/home/yoxara/Insync/DMSimp_vector_axial_pp_xxj_NLO_eff/Events/run_20/events_PYTHIA8_0.hepmc.gz,15.55,20000,Axial,DM+QCDjets,300.0,150.0,1.0,0.25,atlas_exot_2018_06,EM11,-1.0,-1.0,0.0,0.0
/home/yoxara/Insync/DMSimp_vector_axial_pp_xxj_NLO_eff/Events/run_21/events_PYTHIA8_0.hepmc.gz,6.168,20000,Axial,DM+QCDjets,300.0,160.0,1.0,0.25,atlas_exot_2018_06,EM11,-1.0,-1.0,0.0,0.0
/home/yoxara/Insync/DMSimp_vector_axial_pp_xxj_NLO_eff/Events/run_22/events_PYTHIA8_0.hepmc.gz,1.476,20000,Axial,DM+QCDjets,300.0,200.0,1.0,0.25,atlas_exot_2018_06,EM11,-1.0,-1.0,0.0,0.0
/home/yoxara/Insync/DMSimp_vector_axial_pp_xxj_NLO_eff/Events/run_23/events_PYTHIA8_0.hepmc.gz,307.8,20000,Axial,DM+QCDjets,400.0,0.0,1.0,0.25,atlas_exot_2018_06,EM11,-1.0,-1.0,0.0,0.0
/home/yoxara/Insync/DMSimp_vector_axial_pp_xxj_NLO_eff/Events/run_24/events_PYTHIA8_0.hepmc.gz,297.5,20000,Axial,DM+QCDjets,400.0,50.0,1.0,0.25,atlas_exot_2018_06,EM11,-1.0,-1.0,0.0,0.0
/home/yoxara/Insync/DMSimp_vector_axial_pp_xxj_NLO_eff/Events/run_25/events_PYTHIA8_0.hepmc.gz,236.9,20000,Axial,DM+QCDjets,400.0,100.0,1.0,0.25,atlas_exot_2018_06,EM11,-1.0,-1.0,0.0,0.0
/home/yoxara/Insync/DMSimp_vector_axial_pp_xxj_NLO_eff/Events/run_26/events_PYTHIA8_0.hepmc.gz,137.7,20000,Axial,DM+QCDjets,400.0,150.0,1.0,0.25,atlas_exot_2018_06,EM11,-1.0,-1.0,0.0,0.0
/home/yoxara/Insync/DMSimp_vector_axial_pp_xxj_NLO_eff/Events/run_27/events_PYTHIA8_0.hepmc.gz,5.947,20000,Axial,DM+QCDjets,400.0,200.0,1.0,0.25,atlas_exot_2018_06,EM11,-1.0,-1.0,0.0,0.0
/home/yoxara/Insync/DMSimp_vector_axial_pp_xxj_NLO_eff/Events/run_28/events_PYTHIA8_0.hepmc.gz,2.753,20000,Axial,DM+QCDjets,400.0,210.0,1.0,0.25,atlas_exot_2018_06,EM11,-1.0,-1.0,0.0,0.0
/home/yoxara/Insync/DMSimp_vector_axial_pp_xxj_NLO_eff/Events/run_29/events_PYTHIA8_0.hepmc.gz,0.7374,20000,Axial,DM+QCDjets,400.0,250.0,1.0,0.25,atlas_exot_2018_06,EM11,-1.0,-1.0,0.0,0.0
/home/yoxara/Insync/DMSimp_vector_axial_pp_xxj_NLO_eff/Events/run_30/events_PYTHIA8_0.hepmc.gz,143.4,20000,Axial,DM+QCDjets,500.0,0.0,1.0,0.25,atlas_exot_2018_06,EM11,1.3422925,1.5069787,0.0001633,8.92e-05
/home/yoxara/Insync/DMSimp_vector_axial_pp_xxj_NLO_eff/Events/run_31/events_PYTHIA8_0.hepmc.gz,139.8,20000,Axial,DM+QCDjets,500.0,50.0,1.0,0.25,atlas_exot_2018_06,EM11,-1.0,-1.0,0.0,0.0
/home/yoxara/Insync/DMSimp_vector_axial_pp_xxj_NLO_eff/Events/run_32/events_PYTHIA8_0.hepmc.gz,122.4,20000,Axial,DM+QCDjets,500.0,100.0,1.0,0.25,atlas_exot_2018_06,EM11,-1.0,-1.0,0.0,0.0
/home/yoxara/Insync/DMSimp_vector_axial_pp_xxj_NLO_eff/Events/run_33/events_PYTHIA8_0.hepmc.gz,95.24,20000,Axial,DM+QCDjets,500.0,150.0,1.0,0.25,atlas_exot_2018_06,EM11,-1.0,-1.0,0.0,0.0
/home/yoxara/Insync/DMSimp_vector_axial_pp_xxj_NLO_eff/Events/run_34/events_PYTHIA8_0.hepmc.gz,50.99,20000,Axial,DM+QCDjets,500.0,200.0,1.0,0.25,atlas_exot_2018_06,EM11,-1.0,-1.0,0.0,0.0
/home/yoxara/Insync/DMSimp_vector_axial_pp_xxj_NLO_eff/Events/run_35/events_PYTHIA8_0.hepmc.gz,2.747,20000,Axial,DM+QCDjets,500.0,250.0,1.0,0.25,atlas_exot_2018_06,EM11,-1.0,-1.0,0.0,0.0
/home/yoxara/Insync/DMSimp_vector_axial_pp_xxj_NLO_eff/Events/run_36/events_PYTHIA8_0.hepmc.gz,1.378,20000,Axial,DM+QCDjets,500.0,260.0,1.0,0.25,atlas_exot_2018_06,EM11,-1.0,-1.0,0.0,0.0
/home/yoxara/Insync/DMSimp_vector_axial_pp_xxj_NLO_eff/Events/run_37/events_PYTHIA8_0.hepmc.gz,0.4141,20000,Axial,DM+QCDjets,500.0,300.0,1.0,0.25,atlas_exot_2018_06,EM11,1.3877637,1.5587372,0.0001582,0.001621
/home/yoxara/Insync/DMSimp_vector_axial_pp_xxj_NLO_eff/Events/run_38/events_PYTHIA8_0.hepmc.gz,0.1649,20000,Axial,DM+QCDjets,500.0,350.0,1.0,0.25,atlas_exot_2018_06,EM11,-1.0,-1.0,0.0,0.0
/home/yoxara/Insync/DMSimp_vector_axial_pp_xxj_NLO_eff/Events/run_39/events_PYTHIA8_0.hepmc.gz,44.73,20000,Axial,DM+QCDjets,700.0,0.0,1.0,0.25,atlas_exot_2018_06,EM11,-1.0,-1.0,0.0,0.0
/home/yoxara/Insync/DMSimp_vector_axial_pp_xxj_NLO_eff/Events/run_40/events_PYTHIA8_0.hepmc.gz,41.66,20000,Axial,DM+QCDjets,700.0,50.0,1.0,0.25,atlas_exot_2018_06,EM11,-1.0,-1.0,0.0,0.0
/home/yoxara/Insync/DMSimp_vector_axial_pp_xxj_NLO_eff/Events/run_41/events_PYTHIA8_0.hepmc.gz,40.96,20000,Axial,DM+QCDjets,700.0,100.0,1.0,0.25,atlas_exot_2018_06,EM11,-1.0,-1.0,0.0,0.0
/home/yoxara/Insync/DMSimp_vector_axial_pp_xxj_NLO_eff/Events/run_42/events_PYTHIA8_0.hepmc.gz,36.97,20000,Axial,DM+QCDjets,700.0,150.0,1.0,0.25,atlas_exot_2018_06,EM11,-1.0,-1.0,0.0,0.0
/home/yoxara/Insync/DMSimp_vector_axial_pp_xxj_NLO_eff/Events/run_43/events_PYTHIA8_0.hepmc.gz,29.36,20000,Axial,DM+QCDjets,700.0,200.0,1.0,0.25,atlas_exot_2018_06,EM11,-1.0,-1.0,0.0,0.0
/home/yoxara/Insync/DMSimp_vector_axial_pp_xxj_NLO_eff/Events/run_44/events_PYTHIA8_0.hepmc.gz,21.17,20000,Axial,DM+QCDjets,700.0,250.0,1.0,0.25,atlas_exot_2018_06,EM11,-1.0,-1.0,0.0,0.0
/home/yoxara/Insync/DMSimp_vector_axial_pp_xxj_NLO_eff/Events/run_45/events_PYTHIA8_0.hepmc.gz,10.03,20000,Axial,DM+QCDjets,700.0,300.0,1.0,0.25,atlas_exot_2018_06,EM11,1.4629542,1.6419772,0.00015,0.0003162
/home/yoxara/Insync/DMSimp_vector_axial_pp_xxj_NLO_eff/Events/run_46/events_PYTHIA8_0.hepmc.gz,0.8069,20000,Axial,DM+QCDjets,700.0,350.0,1.0,0.25,atlas_exot_2018_06,EM11,-1.0,-1.0,0.0,0.0
/home/yoxara/Insync/DMSimp_vector_axial_pp_xxj_NLO_eff/Events/run_47/events_PYTHIA8_0.hepmc.gz,0.4508,20000,Axial,DM+QCDjets,700.0,360.0,1.0,0.25,atlas_exot_2018_06,EM11,0.7055194,0.7942671,0.0003108,0.0021607
/home/yoxara/Insync/DMSimp_vector_axial_pp_xxj_NLO_eff/Events/run_48/events_PYTHIA8_0.hepmc.gz,0.03606,20000,Axial,DM+QCDjets,700.0,500.0,1.0,0.25,atlas_exot_2018_06,EM11,0.6704758,0.7574813,0.0003251,0.0079169
/home/yoxara/Insync/DMSimp_vector_axial_pp_xxj_NLO_eff/Events/run_49/events_PYTHIA8_0.hepmc.gz,11.57,20000,Axial,DM+QCDjets,1000.0,0.0,1.0,0.25,atlas_exot_2018_06,EM11,-1.0,-1.0,0.0,0.0
/home/yoxara/Insync/DMSimp_vector_axial_pp_xxj_NLO_eff/Events/run_50/events_PYTHIA8_0.hepmc.gz,11.62,20000,Axial,DM+QCDjets,1000.0,50.0,1.0,0.25,atlas_exot_2018_06,EM11,-1.0,-1.0,0.0,0.0
/home/yoxara/Insync/DMSimp_vector_axial_pp_xxj_NLO_eff/Events/run_51/events_PYTHIA8_0.hepmc.gz,10.93,20000,Axial,DM+QCDjets,1000.0,100.0,1.0,0.25,atlas_exot_2018_06,EM11,1.2968047,1.4519263,0.0001694,0.0003291
/home/yoxara/Insync/DMSimp_vector_axial_pp_xxj_NLO_eff/Events/run_52/events_PYTHIA8_0.hepmc.gz,10.37,20000,Axial,DM+QCDjets,1000.0,150.0,1.0,0.25,atlas_exot_2018_06,EM11,1.3283538,1.488624,0.0001653,0.0003319
/home/yoxara/Insync/DMSimp_vector_axial_pp_xxj_NLO_eff/Events/run_53/events_PYTHIA8_0.hepmc.gz,9.672,20000,Axial,DM+QCDjets,1000.0,200.0,1.0,0.25,atlas_exot_2018_06,EM11,-1.0,-1.0,0.0,0.0
/home/yoxara/Insync/DMSimp_vector_axial_pp_xxj_NLO_eff/Events/run_54/events_PYTHIA8_0.hepmc.gz,8.706,20000,Axial,DM+QCDjets,1000.0,250.0,1.0,0.25,atlas_exot_2018_06,EM11,1.3591946,1.5336318,0.0001612,0.0003589
/home/yoxara/Insync/DMSimp_vector_axial_pp_xxj_NLO_eff/Events/run_55/events_PYTHIA8_0.hepmc.gz,7.395,20000,Axial,DM+QCDjets,1000.0,300.0,1.0,0.25,atlas_exot_2018_06,EM11,1.3363348,1.4920221,0.0001652,0.0004
/home/yoxara/Insync/DMSimp_vector_axial_pp_xxj_NLO_eff/Events/run_56/events_PYTHIA8_0.hepmc.gz,5.731,20000,Axial,DM+QCDjets,1000.0,350.0,1.0,0.25,atlas_exot_2018_06,EM11,0.3636094,0.4097862,0.0006026,0.0008261
/home/yoxara/Insync/DMSimp_vector_axial_pp_xxj_NLO_eff/Events/run_57/events_PYTHIA8_0.hepmc.gz,3.835,20000,Axial,DM+QCDjets,1000.0,400.0,1.0,0.25,atlas_exot_2018_06,EM11,-1.0,-1.0,0.0,0.0
/home/yoxara/Insync/DMSimp_vector_axial_pp_xxj_NLO_eff/Events/run_58/events_PYTHIA8_0.hepmc.gz,1.709,20000,Axial,DM+QCDjets,1000.0,450.0,1.0,0.25,atlas_exot_2018_06,EM11,-1.0,-1.0,0.0,0.0
/home/yoxara/Insync/DMSimp_vector_axial_pp_xxj_NLO_eff/Events/run_59/events_PYTHIA8_0.hepmc.gz,0.195,20000,Axial,DM+QCDjets,1000.0,500.0,1.0,0.25,atlas_exot_2018_06,EM11,1.3870188,1.567668,0.0001581,0.0023626
/home/yoxara/Insync/DMSimp_vector_axial_pp_xxj_NLO_eff/Events/run_60/events_PYTHIA8_0.hepmc.gz,0.1271,20000,Axial,DM+QCDjets,1000.0,510.0,1.0,0.25,atlas_exot_2018_06,EM11,0.6710704,0.7514311,0.0003284,0.0043558
/home/yoxara/Insync/DMSimp_vector_axial_pp_xxj_NLO_eff/Events/run_61/events_PYTHIA8_0.hepmc.gz,0.02374,20000,Axial,DM+QCDjets,1000.0,600.0,1.0,0.25,atlas_exot_2018_06,EM11,-1.0,-1.0,0.0,0.0
/home/yoxara/Insync/DMSimp_vector_axial_pp_xxj_NLO_eff/Events/run_62/events_PYTHIA8_0.hepmc.gz,5.591,20000,Axial,DM+QCDjets,1200.0,0.0,1.0,0.25,atlas_exot_2018_06,EM11,-1.0,-1.0,0.0,0.0
/home/yoxara/Insync/DMSimp_vector_axial_pp_xxj_NLO_eff/Events/run_63/events_PYTHIA8_0.hepmc.gz,5.468,20000,Axial,DM+QCDjets,1200.0,50.0,1.0,0.25,atlas_exot_2018_06,EM11,-1.0,-1.0,0.0,0.0
/home/yoxara/Insync/DMSimp_vector_axial_pp_xxj_NLO_eff/Events/run_64/events_PYTHIA8_0.hepmc.gz,5.412,20000,Axial,DM+QCDjets,1200.0,100.0,1.0,0.25,atlas_exot_2018_06,EM11,-1.0,-1.0,0.0,0.0
/home/yoxara/Insync/DMSimp_vector_axial_pp_xxj_NLO_eff/Events/run_65/events_PYTHIA8_0.hepmc.gz,5.069,20000,Axial,DM+QCDjets,1200.0,150.0,1.0,0.25,atlas_exot_2018_06,EM11,0.7062078,0.7905472,0.0003109,0.0006212
/home/yoxara/Insync/DMSimp_vector_axial_pp_xxj_NLO_eff/Events/run_66/events_PYTHIA8_0.hepmc.gz,4.75,20000,Axial,DM+QCDjets,1200.0,200.0,1.0,0.25,atlas_exot_2018_06,EM11,-1.0,-1.0,0.0,0.0
/home/yoxara/Insync/DMSimp_vector_axial_pp_xxj_NLO_eff/Events/run_67/events_PYTHIA8_0.hepmc.gz,4.466,20000,Axial,DM+QCDjets,1200.0,250.0,1.0,0.25,atlas_exot_2018_06,EM11,-1.0,-1.0,0.0,0.0
/home/yoxara/Insync/DMSimp_vector_axial_pp_xxj_NLO_eff/Events/run_68/events_PYTHIA8_0.hepmc.gz,4.129,20000,Axial,DM+QCDjets,1200.0,300.0,1.0,0.25,atlas_exot_2018_06,EM11,1.3426148,1.5051133,0.0001637,0.0005243
/home/yoxara/Insync/DMSimp_vector_axial_pp_xxj_NLO_eff/Events/run_69/events_PYTHIA8_0.hepmc.gz,3.721,20000,Axial,DM+QCDjets,1200.0,350.0,1.0,0.25,atlas_exot_2018_06,EM11,0.6768854,0.7560331,0.0003263,0.0007912
/home/yoxara/Insync/DMSimp_vector_axial_pp_xxj_NLO_eff/Events/run_70/events_PYTHIA8_0.hepmc.gz,3.001,20000,Axial,DM+QCDjets,1200.0,400.0,1.0,0.25,atlas_exot_2018_06,EM11,1.35214,1.5189262,0.0001628,0.0006151
/home/yoxara/Insync/DMSimp_vector_axial_pp_xxj_NLO_eff/Events/run_71/events_PYTHIA8_0.hepmc.gz,2.347,20000,Axial,DM+QCDjets,1200.0,450.0,1.0,0.25,atlas_exot_2018_06,EM11,0.700353,0.7909327,0.0003129,0.0009658
/home/yoxara/Insync/DMSimp_vector_axial_pp_xxj_NLO_eff/Events/run_72/events_PYTHIA8_0.hepmc.gz,1.507,20000,Axial,DM+QCDjets,1200.0,500.0,1.0,0.25,atlas_exot_2018_06,EM11,0.4586142,0.5126926,0.0004809,0.0015121
/home/yoxara/Insync/DMSimp_vector_axial_pp_xxj_NLO_eff/Events/run_73/events_PYTHIA8_0.hepmc.gz,0.6476,20000,Axial,DM+QCDjets,1200.0,550.0,1.0,0.25,atlas_exot_2018_06,EM11,1.4152677,1.5917242,0.0001548,0.001276
/home/yoxara/Insync/DMSimp_vector_axial_pp_xxj_NLO_eff/Events/run_74/events_PYTHIA8_0.hepmc.gz,0.09031,20000,Axial,DM+QCDjets,1200.0,600.0,1.0,0.25,atlas_exot_2018_06,EM11,0.67887,0.7613487,0.0003232,0.00501
/home/yoxara/Insync/DMSimp_vector_axial_pp_xxj_NLO_eff/Events/run_75/events_PYTHIA8_0.hepmc.gz,0.0609,20000,Axial,DM+QCDjets,1200.0,610.0,1.0,0.25,atlas_exot_2018_06,EM11,0.7066322,0.7901526,0.0003119,0.0059283
/home/yoxara/Insync/DMSimp_vector_axial_pp_xxj_NLO_eff/Events/run_76/events_PYTHIA8_0.hepmc.gz,0.006873,20000,Axial,DM+QCDjets,1200.0,750.0,1.0,0.25,atlas_exot_2018_06,EM11,1.3173405,1.4700323,0.0001676,0.0131362
/home/yoxara/Insync/DMSimp_vector_axial_pp_xxj_NLO_eff/Events/run_77/events_PYTHIA8_0.hepmc.gz,2.176,20000,Axial,DM+QCDjets,1500.0,0.0,1.0,0.25,atlas_exot_2018_06,EM11,0.6344898,0.7083986,0.0003472,0.0010472
/home/yoxara/Insync/DMSimp_vector_axial_pp_xxj_NLO_eff/Events/run_78/events_PYTHIA8_0.hepmc.gz,2.114,20000,Axial,DM+QCDjets,1500.0,50.0,1.0,0.25,atlas_exot_2018_06,EM11,0.3081503,0.3467716,0.000712,0.0015317
/home/yoxara/Insync/DMSimp_vector_axial_pp_xxj_NLO_eff/Events/run_79/events_PYTHIA8_0.hepmc.gz,2.095,20000,Axial,DM+QCDjets,1500.0,100.0,1.0,0.25,atlas_exot_2018_06,EM11,0.1625376,0.1827001,0.0013482,0.0020799
/home/yoxara/Insync/DMSimp_vector_axial_pp_xxj_NLO_eff/Events/run_80/events_PYTHIA8_0.hepmc.gz,2.008,20000,Axial,DM+QCDjets,1500.0,150.0,1.0,0.25,atlas_exot_2018_06,EM11,0.2555084,0.2858445,0.0008603,0.0017053
/home/yoxara/Insync/DMSimp_vector_axial_pp_xxj_NLO_eff/Events/run_81/events_PYTHIA8_0.hepmc.gz,1.994,20000,Axial,DM+QCDjets,1500.0,200.0,1.0,0.25,atlas_exot_2018_06,EM11,1.2634863,1.420707,0.0001742,0.000792
/home/yoxara/Insync/DMSimp_vector_axial_pp_xxj_NLO_eff/Events/run_82/events_PYTHIA8_0.hepmc.gz,1.912,20000,Axial,DM+QCDjets,1500.0,250.0,1.0,0.25,atlas_exot_2018_06,EM11,-1.0,-1.0,0.0,0.0
/home/yoxara/Insync/DMSimp_vector_axial_pp_xxj_NLO_eff/Events/run_83/events_PYTHIA8_0.hepmc.gz,1.772,20000,Axial,DM+QCDjets,1500.0,300.0,1.0,0.25,atlas_exot_2018_06,EM11,-1.0,-1.0,0.0,0.0
/home/yoxara/Insync/DMSimp_vector_axial_pp_xxj_NLO_eff/Events/run_84/events_PYTHIA8_0.hepmc.gz,1.639,20000,Axial,DM+QCDjets,1500.0,350.0,1.0,0.25,atlas_exot_2018_06,EM11,1.3333657,1.5053529,0.0001645,0.000825
/home/yoxara/Insync/DMSimp_vector_axial_pp_xxj_NLO_eff/Events/run_85/events_PYTHIA8_0.hepmc.gz,1.509,20000,Axial,DM+QCDjets,1500.0,400.0,1.0,0.25,atlas_exot_2018_06,EM11,1.3065574,1.4680253,0.0001685,0.0008873
/home/yoxara/Insync/DMSimp_vector_axial_pp_xxj_NLO_eff/Events/run_86/events_PYTHIA8_0.hepmc.gz,1.321,20000,Axial,DM+QCDjets,1500.0,450.0,1.0,0.25,atlas_exot_2018_06,EM11,-1.0,-1.0,0.0,0.0
/home/yoxara/Insync/DMSimp_vector_axial_pp_xxj_NLO_eff/Events/run_87/events_PYTHIA8_0.hepmc.gz,1.159,20000,Axial,DM+QCDjets,1500.0,500.0,1.0,0.25,atlas_exot_2018_06,EM11,0.338099,0.3804169,0.0006485,0.0019674
/home/yoxara/Insync/DMSimp_vector_axial_pp_xxj_NLO_eff/Events/run_88/events_PYTHIA8_0.hepmc.gz,0.9195,20000,Axial,DM+QCDjets,1500.0,550.0,1.0,0.25,atlas_exot_2018_06,EM11,-1.0,-1.0,0.0,0.0
/home/yoxara/Insync/DMSimp_vector_axial_pp_xxj_NLO_eff/Events/run_89/events_PYTHIA8_0.hepmc.gz,0.6757,20000,Axial,DM+QCDjets,1500.0,600.0,1.0,0.25,atlas_exot_2018_06,EM11,0.6879776,0.7696741,0.0003198,0.0017796
/home/yoxara/Insync/DMSimp_vector_axial_pp_xxj_NLO_eff/Events/run_90/events_PYTHIA8_0.hepmc.gz,0.4349,20000,Axial,DM+QCDjets,1500.0,650.0,1.0,0.25,atlas_exot_2018_06,EM11,0.6571969,0.7421973,0.0003336,0.0023704
/home/yoxara/Insync/DMSimp_vector_axial_pp_xxj_NLO_eff/Events/run_91/events_PYTHIA8_0.hepmc.gz,0.1891,20000,Axial,DM+QCDjets,1500.0,700.0,1.0,0.25,atlas_exot_2018_06,EM11,0.4407803,0.4936682,0.0004988,0.0043687
/home/yoxara/Insync/DMSimp_vector_axial_pp_xxj_NLO_eff/Events/run_92/events_PYTHIA8_0.hepmc.gz,0.03092,20000,Axial,DM+QCDjets,1500.0,750.0,1.0,0.25,atlas_exot_2018_06,EM11,0.4425252,0.4986165,0.0004949,0.0103984
/home/yoxara/Insync/DMSimp_vector_axial_pp_xxj_NLO_eff/Events/run_93/events_PYTHIA8_0.hepmc.gz,0.02256,20000,Axial,DM+QCDjets,1500.0,760.0,1.0,0.25,atlas_exot_2018_06,EM11,0.4725144,0.5314734,0.0004666,0.0116447
/home/yoxara/Insync/DMSimp_vector_axial_pp_xxj_NLO_eff/Events/run_94/events_PYTHIA8_0.hepmc.gz,1.079,20000,Axial,DM+QCDjets,1750.0,0.0,1.0,0.25,atlas_exot_2018_06,EM11,0.6085385,0.6850411,0.0003606,0.0015281
/home/yoxara/Insync/DMSimp_vector_axial_pp_xxj_NLO_eff/Events/run_95/events_PYTHIA8_0.hepmc.gz,1.069,20000,Axial,DM+QCDjets,1750.0,50.0,1.0,0.25,atlas_exot_2018_06,EM11,-1.0,-1.0,0.0,0.0
/home/yoxara/Insync/DMSimp_vector_axial_pp_xxj_NLO_eff/Events/run_96/events_PYTHIA8_0.hepmc.gz,1.027,20000,Axial,DM+QCDjets,1750.0,100.0,1.0,0.25,atlas_exot_2018_06,EM11,-1.0,-1.0,0.0,0.0
/home/yoxara/Insync/DMSimp_vector_axial_pp_xxj_NLO_eff/Events/run_97/events_PYTHIA8_0.hepmc.gz,1.008,20000,Axial,DM+QCDjets,1750.0,150.0,1.0,0.25,atlas_exot_2018_06,EM11,-1.0,-1.0,0.0,0.0
/home/yoxara/Insync/DMSimp_vector_axial_pp_xxj_NLO_eff/Events/run_98/events_PYTHIA8_0.hepmc.gz,0.956,20000,Axial,DM+QCDjets,1750.0,200.0,1.0,0.25,atlas_exot_2018_06,EM11,0.6761175,0.7588927,0.0003253,0.0014548
/home/yoxara/Insync/DMSimp_vector_axial_pp_xxj_NLO_eff/Events/run_99/events_PYTHIA8_0.hepmc.gz,0.9567,20000,Axial,DM+QCDjets,1750.0,250.0,1.0,0.25,atlas_exot_2018_06,EM11,1.3059568,1.4665252,0.0001677,0.001085
/home/yoxara/Insync/DMSimp_vector_axial_pp_xxj_NLO_eff/Events/run_100/events_PYTHIA8_0.hepmc.gz,0.9171,20000,Axial,DM+QCDjets,1750.0,300.0,1.0,0.25,atlas_exot_2018_06,EM11,0.4363602,0.4914226,0.0005027,0.001936
/home/yoxara/Insync/DMSimp_vector_axial_pp_xxj_NLO_eff/Events/run_101/events_PYTHIA8_0.hepmc.gz,0.8683,20000,Axial,DM+QCDjets,1750.0,350.0,1.0,0.25,atlas_exot_2018_06,EM11,-1.0,-1.0,0.0,0.0
/home/yoxara/Insync/DMSimp_vector_axial_pp_xxj_NLO_eff/Events/run_102/events_PYTHIA8_0.hepmc.gz,0.8134,20000,Axial,DM+QCDjets,1750.0,400.0,1.0,0.25,atlas_exot_2018_06,EM11,-1.0,-1.0,0.0,0.0
/home/yoxara/Insync/DMSimp_vector_axial_pp_xxj_NLO_eff/Events/run_103/events_PYTHIA8_0.hepmc.gz,0.7542,20000,Axial,DM+QCDjets,1750.0,450.0,1.0,0.25,atlas_exot_2018_06,EM11,0.4314099,0.4866725,0.0005074,0.0021679
/home/yoxara/Insync/DMSimp_vector_axial_pp_xxj_NLO_eff/Events/run_104/events_PYTHIA8_0.hepmc.gz,0.6705,20000,Axial,DM+QCDjets,1750.0,500.0,1.0,0.25,atlas_exot_2018_06,EM11,0.6789892,0.7603171,0.0003243,0.0017718
/home/yoxara/Insync/DMSimp_vector_axial_pp_xxj_NLO_eff/Events/run_105/events_PYTHIA8_0.hepmc.gz,0.6372,20000,Axial,DM+QCDjets,1750.0,550.0,1.0,0.25,atlas_exot_2018_06,EM11,-1.0,-1.0,0.0,0.0
/home/yoxara/Insync/DMSimp_vector_axial_pp_xxj_NLO_eff/Events/run_106/events_PYTHIA8_0.hepmc.gz,0.5167,20000,Axial,DM+QCDjets,1750.0,600.0,1.0,0.25,atlas_exot_2018_06,EM11,0.4448612,0.4981643,0.0004928,0.002521
/home/yoxara/Insync/DMSimp_vector_axial_pp_xxj_NLO_eff/Events/run_107/events_PYTHIA8_0.hepmc.gz,0.4303,20000,Axial,DM+QCDjets,1750.0,650.0,1.0,0.25,atlas_exot_2018_06,EM11,1.3048848,1.4689786,0.0001685,0.0016555
/home/yoxara/Insync/DMSimp_vector_axial_pp_xxj_NLO_eff/Events/run_108/events_PYTHIA8_0.hepmc.gz,0.3335,20000,Axial,DM+QCDjets,1750.0,700.0,1.0,0.25,atlas_exot_2018_06,EM11,-1.0,-1.0,0.0,0.0
/home/yoxara/Insync/DMSimp_vector_axial_pp_xxj_NLO_eff/Events/run_109/events_PYTHIA8_0.hepmc.gz,0.2238,20000,Axial,DM+QCDjets,1750.0,750.0,1.0,0.25,atlas_exot_2018_06,EM11,1.3164689,1.4763814,0.0001674,0.0022955
/home/yoxara/Insync/DMSimp_vector_axial_pp_xxj_NLO_eff/Events/run_110/events_PYTHIA8_0.hepmc.gz,0.1181,20000,Axial,DM+QCDjets,1750.0,800.0,1.0,0.25,atlas_exot_2018_06,EM11,-1.0,-1.0,0.0,0.0
/home/yoxara/Insync/DMSimp_vector_axial_pp_xxj_NLO_eff/Events/run_111/events_PYTHIA8_0.hepmc.gz,0.5778,20000,Axial,DM+QCDjets,2000.0,0.0,1.0,0.25,atlas_exot_2018_06,EM11,-1.0,-1.0,0.0,0.0
/home/yoxara/Insync/DMSimp_vector_axial_pp_xxj_NLO_eff/Events/run_112/events_PYTHIA8_0.hepmc.gz,0.5742,20000,Axial,DM+QCDjets,2000.0,50.0,1.0,0.25,atlas_exot_2018_06,EM11,-1.0,-1.0,0.0,0.0
/home/yoxara/Insync/DMSimp_vector_axial_pp_xxj_NLO_eff/Events/run_113/events_PYTHIA8_0.hepmc.gz,0.5599,20000,Axial,DM+QCDjets,2000.0,100.0,1.0,0.25,atlas_exot_2018_06,EM11,-1.0,-1.0,0.0,0.0
/home/yoxara/Insync/DMSimp_vector_axial_pp_xxj_NLO_eff/Events/run_114/events_PYTHIA8_0.hepmc.gz,0.5402,20000,Axial,DM+QCDjets,2000.0,150.0,1.0,0.25,atlas_exot_2018_06,EM11,0.6176858,0.6919984,0.0003563,0.0021431
/home/yoxara/Insync/DMSimp_vector_axial_pp_xxj_NLO_eff/Events/run_115/events_PYTHIA8_0.hepmc.gz,0.5159,20000,Axial,DM+QCDjets,2000.0,200.0,1.0,0.25,atlas_exot_2018_06,EM11,0.6241194,0.7019125,0.0003508,0.0021453
/home/yoxara/Insync/DMSimp_vector_axial_pp_xxj_NLO_eff/Events/run_116/events_PYTHIA8_0.hepmc.gz,0.508,20000,Axial,DM+QCDjets,2000.0,250.0,1.0,0.25,atlas_exot_2018_06,EM11,0.2556628,0.2871647,0.0008588,0.0033891
/home/yoxara/Insync/DMSimp_vector_axial_pp_xxj_NLO_eff/Events/run_117/events_PYTHIA8_0.hepmc.gz,0.4884,20000,Axial,DM+QCDjets,2000.0,300.0,1.0,0.25,atlas_exot_2018_06,EM11,1.2430422,1.395273,0.0001765,0.0015891
/home/yoxara/Insync/DMSimp_vector_axial_pp_xxj_NLO_eff/Events/run_118/events_PYTHIA8_0.hepmc.gz,0.4751,20000,Axial,DM+QCDjets,2000.0,350.0,1.0,0.25,atlas_exot_2018_06,EM11,0.439899,0.4911786,0.0005005,0.0026609
/home/yoxara/Insync/DMSimp_vector_axial_pp_xxj_NLO_eff/Events/run_119/events_PYTHIA8_0.hepmc.gz,0.4301,20000,Axial,DM+QCDjets,2000.0,400.0,1.0,0.25,atlas_exot_2018_06,EM11,0.630261,0.7093464,0.0003481,0.0023275
/home/yoxara/Insync/DMSimp_vector_axial_pp_xxj_NLO_eff/Events/run_120/events_PYTHIA8_0.hepmc.gz,0.4299,20000,Axial,DM+QCDjets,2000.0,450.0,1.0,0.25,atlas_exot_2018_06,EM11,1.2880684,1.4368049,0.0001704,0.0016689
/home/yoxara/Insync/DMSimp_vector_axial_pp_xxj_NLO_eff/Events/run_121/events_PYTHIA8_0.hepmc.gz,0.3927,20000,Axial,DM+QCDjets,2000.0,500.0,1.0,0.25,atlas_exot_2018_06,EM11,-1.0,-1.0,0.0,0.0
/home/yoxara/Insync/DMSimp_vector_axial_pp_xxj_NLO_eff/Events/run_122/events_PYTHIA8_0.hepmc.gz,0.3746,20000,Axial,DM+QCDjets,2000.0,550.0,1.0,0.25,atlas_exot_2018_06,EM11,0.3314616,0.3724233,0.0006656,0.0035063
/home/yoxara/Insync/DMSimp_vector_axial_pp_xxj_NLO_eff/Events/run_123/events_PYTHIA8_0.hepmc.gz,0.3335,20000,Axial,DM+QCDjets,2000.0,600.0,1.0,0.25,atlas_exot_2018_06,EM11,0.3142532,0.353691,0.0006971,0.003839
/home/yoxara/Insync/DMSimp_vector_axial_pp_xxj_NLO_eff/Events/run_124/events_PYTHIA8_0.hepmc.gz,0.2981,20000,Axial,DM+QCDjets,2000.0,650.0,1.0,0.25,atlas_exot_2018_06,EM11,-1.0,-1.0,0.0,0.0
/home/yoxara/Insync/DMSimp_vector_axial_pp_xxj_NLO_eff/Events/run_125/events_PYTHIA8_0.hepmc.gz,0.2554,20000,Axial,DM+QCDjets,2000.0,700.0,1.0,0.25,atlas_exot_2018_06,EM11,-1.0,-1.0,0.0,0.0
/home/yoxara/Insync/DMSimp_vector_axial_pp_xxj_NLO_eff/Events/run_126/events_PYTHIA8_0.hepmc.gz,0.2194,20000,Axial,DM+QCDjets,2000.0,750.0,1.0,0.25,atlas_exot_2018_06,EM11,-1.0,-1.0,0.0,0.0
/home/yoxara/Insync/DMSimp_vector_axial_pp_xxj_NLO_eff/Events/run_127/events_PYTHIA8_0.hepmc.gz,0.1748,20000,Axial,DM+QCDjets,2000.0,800.0,1.0,0.25,atlas_exot_2018_06,EM11,-1.0,-1.0,0.0,0.0
/home/yoxara/Insync/DMSimp_vector_axial_pp_xxj_NLO_eff/Events/run_128/events_PYTHIA8_0.hepmc.gz,0.3104,20000,Axial,DM+QCDjets,2250.0,0.0,1.0,0.25,atlas_exot_2018_06,EM11,1.2087155,1.3699297,0.0001814,0.0019989
/home/yoxara/Insync/DMSimp_vector_axial_pp_xxj_NLO_eff/Events/run_129/events_PYTHIA8_0.hepmc.gz,0.3106,20000,Axial,DM+QCDjets,2250.0,50.0,1.0,0.25,atlas_exot_2018_06,EM11,0.6239724,0.6982394,0.0003522,0.002775
/home/yoxara/Insync/DMSimp_vector_axial_pp_xxj_NLO_eff/Events/run_130/events_PYTHIA8_0.hepmc.gz,0.3047,20000,Axial,DM+QCDjets,2250.0,100.0,1.0,0.25,atlas_exot_2018_06,EM11,0.6152161,0.6900617,0.0003571,0.0028466
/home/yoxara/Insync/DMSimp_vector_axial_pp_xxj_NLO_eff/Events/run_131/events_PYTHIA8_0.hepmc.gz,0.2971,20000,Axial,DM+QCDjets,2250.0,150.0,1.0,0.25,atlas_exot_2018_06,EM11,-1.0,-1.0,0.0,0.0
/home/yoxara/Insync/DMSimp_vector_axial_pp_xxj_NLO_eff/Events/run_132/events_PYTHIA8_0.hepmc.gz,0.2876,20000,Axial,DM+QCDjets,2250.0,200.0,1.0,0.25,atlas_exot_2018_06,EM11,0.6072174,0.6795698,0.0003627,0.0029685
/home/yoxara/Insync/DMSimp_vector_axial_pp_xxj_NLO_eff/Events/run_133/events_PYTHIA8_0.hepmc.gz,0.2847,20000,Axial,DM+QCDjets,2250.0,250.0,1.0,0.25,atlas_exot_2018_06,EM11,0.4314715,0.4872784,0.0005069,0.003466
/home/yoxara/Insync/DMSimp_vector_axial_pp_xxj_NLO_eff/Events/run_134/events_PYTHIA8_0.hepmc.gz,0.2719,20000,Axial,DM+QCDjets,2250.0,300.0,1.0,0.25,atlas_exot_2018_06,EM11,0.4273034,0.4798438,0.0005144,0.0035701
/home/yoxara/Insync/DMSimp_vector_axial_pp_xxj_NLO_eff/Events/run_135/events_PYTHIA8_0.hepmc.gz,0.2709,20000,Axial,DM+QCDjets,2250.0,350.0,1.0,0.25,atlas_exot_2018_06,EM11,0.6476946,0.728924,0.0003385,0.0029407
/home/yoxara/Insync/DMSimp_vector_axial_pp_xxj_NLO_eff/Events/run_136/events_PYTHIA8_0.hepmc.gz,0.2524,20000,Axial,DM+QCDjets,2250.0,400.0,1.0,0.25,atlas_exot_2018_06,EM11,0.4374434,0.4892543,0.0005044,0.0036398
/home/yoxara/Insync/DMSimp_vector_axial_pp_xxj_NLO_eff/Events/run_137/events_PYTHIA8_0.hepmc.gz,0.2403,20000,Axial,DM+QCDjets,2250.0,450.0,1.0,0.25,atlas_exot_2018_06,EM11,0.6641751,0.749508,0.00033,0.0030055
/home/yoxara/Insync/DMSimp_vector_axial_pp_xxj_NLO_eff/Events/run_138/events_PYTHIA8_0.hepmc.gz,0.2295,20000,Axial,DM+QCDjets,2250.0,500.0,1.0,0.25,atlas_exot_2018_06,EM11,-1.0,-1.0,0.0,0.0
/home/yoxara/Insync/DMSimp_vector_axial_pp_xxj_NLO_eff/Events/run_139/events_PYTHIA8_0.hepmc.gz,0.2194,20000,Axial,DM+QCDjets,2250.0,550.0,1.0,0.25,atlas_exot_2018_06,EM11,0.4441206,0.4984214,0.0004964,0.0039117
/home/yoxara/Insync/DMSimp_vector_axial_pp_xxj_NLO_eff/Events/run_140/events_PYTHIA8_0.hepmc.gz,0.2108,20000,Axial,DM+QCDjets,2250.0,600.0,1.0,0.25,atlas_exot_2018_06,EM11,0.4346621,0.4886907,0.0005051,0.0041172
/home/yoxara/Insync/DMSimp_vector_axial_pp_xxj_NLO_eff/Events/run_141/events_PYTHIA8_0.hepmc.gz,0.1892,20000,Axial,DM+QCDjets,2250.0,650.0,1.0,0.25,atlas_exot_2018_06,EM11,0.2065889,0.2317881,0.0010642,0.0063781
/home/yoxara/Insync/DMSimp_vector_axial_pp_xxj_NLO_eff/Events/run_142/events_PYTHIA8_0.hepmc.gz,0.1729,20000,Axial,DM+QCDjets,2250.0,700.0,1.0,0.25,atlas_exot_2018_06,EM11,0.1845706,0.2051122,0.001197,0.0069621
/home/yoxara/Insync/DMSimp_vector_axial_pp_xxj_NLO_eff/Events/run_143/events_PYTHIA8_0.hepmc.gz,0.1528,20000,Axial,DM+QCDjets,2250.0,750.0,1.0,0.25,atlas_exot_2018_06,EM11,0.2237211,0.2522087,0.0009791,0.0065557
/home/yoxara/Insync/DMSimp_vector_axial_pp_xxj_NLO_eff/Events/run_144/events_PYTHIA8_0.hepmc.gz,0.1386,20000,Axial,DM+QCDjets,2250.0,800.0,1.0,0.25,atlas_exot_2018_06,EM11,0.6664764,0.7507607,0.0003299,0.0040873
