Label,sigma x BR (pb),Mediator Mass (GeV),Mediator Width (GeV),DM Mass (GeV),gAx,gAq,"BR_[-52, 52]","BR_[-5, 5]","BR_[-4, 4]","BR_[-3, 3]","BR_[-2, 2]","BR_[-1, 1]","BR_[-6, 6]",Upper limit on signal strength,xsecUL
Run 1,2.7554621,1004.1,38.99777,349.1,1.0,0.25,0.2534963,0.1280623,0.1280623,0.1280623,0.1280623,0.1280623,0.1061924,0.27,0.743974767
Run 2,2.4334753,1202.6,64.09883,151.0,1.0,0.25,0.451333,0.09331367,0.09331367,0.09331367,0.09331367,0.09331367,0.08209866,0.2,0.48669506
Run 3,0.102717086,1755.0,58.35835,750.4,1.0,0.25,0.1110927,0.1495739,0.1495739,0.1495739,0.1495739,0.1495739,0.1410377,2.63,0.27014593618
Run 4,3.656451,15.8,0.3934857,100.6,1.0,0.25,,0.2,0.2,0.2,0.2,0.2,,1.46,5.33841846
Run 5,0.079385876,17.7,0.4412471,301.6,1.0,0.25,,0.2,0.2,0.2,0.2,0.2,,8.69,0.68986326244
Run 6,0.34439312699999997,1753.5,81.13004,451.5,1.0,0.25,0.3611604,0.1074975,0.1074975,0.1074975,0.1074975,0.1074975,0.101352,0.78,0.26862663906
Run 7,202.88443,305.1,11.02659,100.6,1.0,0.25,0.3119141,0.1376172,0.1376172,0.1376172,0.1376172,0.1376172,,0.04,8.115377200000001
Run 8,0.6891627300000001,306.1,7.61121,201.5,1.0,0.25,,0.2,0.2,0.2,0.2,0.2,,2.63,1.8124979799
Run 9,0.31276367,707.0,19.92497,355.7,1.0,0.25,,0.1764672,0.1764672,0.1764672,0.1764672,0.1764672,0.1176641,3.18,0.9945884706
Run 10,1087.1151,204.6,10.51421,1.9,1.0,0.25,0.5159998,0.09680005,0.09680005,0.09680005,0.09680005,0.09680005,,0.01,10.871151
Run 11,0.20493371,506.1,13.57745,300.1,1.0,0.25,,0.1853734,0.1853734,0.1853734,0.1853734,0.1853734,0.07313289,4.66,0.9549910886
Run 12,0.31105222099999996,1752.7,77.52181,500.4,1.0,0.25,0.3317595,0.1124459,0.1124459,0.1124459,0.1124459,0.1124459,0.1060112,0.87,0.27061543226999996
Run 13,0.08793764100000001,1506.4,46.34699,700.7,1.0,0.25,0.0425301,0.161658,0.161658,0.161658,0.161658,0.161658,0.1491797,3.86,0.33943929426
Run 14,0.130366975,2247.4,123.4191,202.2,1.0,0.25,0.4597595,0.09056743,0.09056743,0.09056743,0.09056743,0.09056743,0.08740333,1.47,0.19163945324999998
Run 15,4.9570827,705.1,22.5154,300.9,1.0,0.25,0.1176219,0.1557556,0.1557556,0.1557556,0.1557556,0.1557556,0.1036001,0.34,1.685408118
Run 16,0.11653727100000001,2004.0,78.78193,700.7,1.0,0.25,0.2464461,0.1265174,0.1265174,0.1265174,0.1265174,0.1265174,0.120967,1.88,0.21909006948
Run 17,0.369569747,1751.7,84.4234,401.0,1.0,0.25,0.386727,0.1031975,0.1031975,0.1031975,0.1031975,0.1031975,0.09728568,0.72,0.26609021784
Run 18,0.260036685,1996.5,111.8926,50.9,1.0,0.25,0.4714584,0.088744,0.088744,0.088744,0.088744,0.088744,0.08482158,0.87,0.22623191595
Run 19,0.8252212400000001,1502.6,74.88292,301.6,1.0,0.25,0.4089355,0.09980112,0.09980112,0.09980112,0.09980112,0.09980112,0.09205885,0.42,0.34659292080000004
Run 20,0.08917122899999999,207.5,5.160087,301.6,1.0,0.25,,0.2,0.2,0.2,0.2,0.2,,8.16,0.7276372286399999
Run 21,2.3813725999999997,502.9,13.59279,246.1,1.0,0.25,0.008567718,0.184004,0.184004,0.184004,0.184004,0.184004,0.07141252,1.48,3.5244314479999996
Run 22,0.180033508,2002.1,93.76008,501.2,1.0,0.25,0.3674375,0.1062051,0.1062051,0.1062051,0.1062051,0.1062051,0.1015371,1.22,0.21964087976000002
Run 23,0.19808958999999998,1755.4,65.99269,650.3,1.0,0.25,0.2137567,0.1322984,0.1322984,0.1322984,0.1322984,0.1322984,0.1247512,1.4,0.27732542599999993
Run 24,0.23855154299999998,1756.3,69.94347,601.3,1.0,0.25,0.2577981,0.1248866,0.1248866,0.1248866,0.1248866,0.1248866,0.1177691,1.12,0.26717772816
Run 25,1.0011884500000001,1500.2,83.70857,50.9,1.0,0.25,0.4721178,0.08913648,0.08913648,0.08913648,0.08913648,0.08913648,0.08219975,0.34,0.3404040730000001
Run 26,1.0308592399999998,1498.4,83.88062,1.9,1.0,0.25,0.4738473,0.08884722,0.08884722,0.08884722,0.08884722,0.08884722,0.08191665,0.34,0.3504921416
Run 27,0.6912535799999999,1503.6,68.4252,401.0,1.0,0.25,0.3527335,0.109289,0.109289,0.109289,0.109289,0.109289,0.1008213,0.46,0.3179766468
Run 28,0.248492916,1997.5,110.3291,151.8,1.0,0.25,0.4637054,0.09004511,0.09004511,0.09004511,0.09004511,0.09004511,0.08606899,0.93,0.23109841188000002
Run 29,0.135614521,2248.3,124.7004,152.5,1.0,0.25,0.4651056,0.0896708,0.0896708,0.0896708,0.0896708,0.0896708,0.08654038,1.42,0.19257261981999999
Run 30,0.12677360599999998,2251.9,122.1394,251.2,1.0,0.25,0.453006,0.09169749,0.09169749,0.09169749,0.09169749,0.09169749,0.08850648,1.49,0.18889267293999998
Run 31,2.6761561,1201.2,66.9875,2.6,1.0,0.25,0.4756368,0.08918446,0.08918446,0.08918446,0.08918446,0.08918446,0.07844095,0.19,0.508469659
Run 32,0.49398376,1749.7,97.88412,51.6,1.0,0.25,0.4716812,0.08890389,0.08890389,0.08890389,0.08890389,0.08890389,0.08379933,0.55,0.27169106800000004
Run 33,0.00310247439,1208.3,35.34329,751.2,1.0,0.25,,0.1700412,0.1700412,0.1700412,0.1700412,0.1700412,0.149794,66.9,0.20755553669100002
Run 34,0.9806635699999999,505.6,13.56386,255.6,1.0,0.25,,0.1854029,0.1854029,0.1854029,0.1854029,0.1854029,0.07298565,2.07,2.0299735898999995
Run 35,67.13502,504.5,26.91083,1.9,1.0,0.25,0.4972694,0.09324595,0.09324595,0.09324595,0.09324595,0.09324595,0.03650091,0.05,3.356751
Run 36,0.202767004,2001.2,100.1437,400.3,1.0,0.25,0.408049,0.09938726,0.09938726,0.09938726,0.09938726,0.09938726,0.09501472,1.08,0.21898836432000002
Run 37,0.078303811,506.5,13.59281,350.6,1.0,0.25,,0.1853402,0.1853402,0.1853402,0.1853402,0.1853402,0.07329901,7.98,0.6248644117800001
Run 38,862.3292,203.8,8.583017,50.9,1.0,0.25,0.4095878,0.1180824,0.1180824,0.1180824,0.1180824,0.1180824,,0.01,8.623292000000001
Run 39,4.410342,305.6,7.600442,156.1,1.0,0.25,,0.2,0.2,0.2,0.2,0.2,,1.08,4.76316936
Run 40,2.14621785,1202.2,59.11612,250.4,1.0,0.25,0.4052821,0.101147,0.101147,0.101147,0.101147,0.101147,0.08898303,0.24,0.5150922840000001
Run 41,0.133960181,2003.6,82.62967,651.8,1.0,0.25,0.2817064,0.1205978,0.1205978,0.1205978,0.1205978,0.1205978,0.1153047,1.63,0.21835509503
Run 42,2.5306658,1202.1,65.69281,101.3,1.0,0.25,0.4648659,0.09101353,0.09101353,0.09101353,0.09101353,0.09101353,0.0800665,0.2,0.50613316
Run 43,44.448371,504.6,20.35797,151.8,1.0,0.25,0.3352854,0.1232857,0.1232857,0.1232857,0.1232857,0.1232857,0.04828602,0.07,3.1113859700000006
Run 44,0.9798293,1500.7,82.91134,102.0,1.0,0.25,0.4668638,0.0900229,0.0900229,0.0900229,0.0900229,0.0900229,0.08302169,0.35,0.34294025499999997
Run 45,0.079681255,1007.0,29.1984,505.6,1.0,0.25,,0.1715222,0.1715222,0.1715222,0.1715222,0.1715222,0.1423892,6.45,0.51394409475
Run 46,20.676938,704.0,37.94322,50.1,1.0,0.25,0.4772802,0.09228485,0.09228485,0.09228485,0.09228485,0.09228485,0.06129551,0.08,1.65415504
Run 47,57.534665000000004,504.2,23.78406,101.3,1.0,0.25,0.4316836,0.1054256,0.1054256,0.1054256,0.1054256,0.1054256,0.04118816,0.05,2.8767332500000005
Run 48,0.47265876,1750.6,96.12197,151.0,1.0,0.25,0.4616981,0.09058287,0.09058287,0.09058287,0.09058287,0.09058287,0.0853875,0.59,0.2788686684
Run 49,109.75848000000002,403.3,17.27928,100.6,1.0,0.25,0.4030773,0.1160831,0.1160831,0.1160831,0.1160831,0.1160831,0.01650739,0.05,5.487924000000001
Run 50,0.0357206999,1205.6,35.26066,605.7,1.0,0.25,,0.1700564,0.1700564,0.1700564,0.1700564,0.1700564,0.149718,10.3,0.36792320897
Run 51,0.52198197,1505.8,60.9603,501.2,1.0,0.25,0.2723404,0.1228584,0.1228584,0.1228584,0.1228584,0.1228584,0.1133677,0.66,0.3445081002
Run 52,0.0092123519,59.5,1.478454,500.4,1.0,0.25,,0.2,0.2,0.2,0.2,0.2,,34.9,0.32151108131
Run 53,135.03453000000002,205.5,5.427911,94.7,1.0,0.25,0.05839698,0.1883206,0.1883206,0.1883206,0.1883206,0.1883206,,0.15,20.2551795
Run 54,0.253113941,1999.6,111.45,102.0,1.0,0.25,0.4685117,0.0892367,0.0892367,0.0892367,0.0892367,0.0892367,0.08530479,0.88,0.22274026808
Run 55,4.5736685,1004.0,49.57547,201.5,1.0,0.25,0.4128263,0.1007298,0.1007298,0.1007298,0.1007298,0.1007298,0.08352485,0.16,0.73178696
Run 56,0.009062302,19.7,0.4886614,501.2,1.0,0.25,,0.2,0.2,0.2,0.2,0.2,,34.5,0.312649419
Run 57,10.271252,704.6,26.29768,251.2,1.0,0.25,0.2450954,0.1332641,0.1332641,0.1332641,0.1332641,0.1332641,0.08858403,0.15,1.5406878
Run 58,0.3058704,1205.1,37.32841,551.6,1.0,0.25,0.05581464,0.1605675,0.1605675,0.1605675,0.1605675,0.1605675,0.1413478,1.66,0.507744864
Run 59,0.71112,706.9,20.09817,345.5,1.0,0.25,0.008769629,0.1749223,0.1749223,0.1749223,0.1749223,0.1749223,0.1166189,2.62,1.8631344
Run 60,0.3520405,404.7,10.35937,251.2,1.0,0.25,,0.1943157,0.1943157,0.1943157,0.1943157,0.1943157,0.02842157,3.5,1.2321417499999998
Run 61,0.95163502,1501.2,81.64369,151.0,1.0,0.25,0.4584128,0.09144916,0.09144916,0.09144916,0.09144916,0.09144916,0.0843414,0.34,0.3235559068
Run 62,0.16417537199999999,2002.6,90.30903,550.1,1.0,0.25,0.3431091,0.1102894,0.1102894,0.1102894,0.1102894,0.1102894,0.1054441,1.27,0.20850272243999998
Run 63,0.50079693,1750.6,98.1742,2.6,1.0,0.25,0.4729787,0.08868472,0.08868472,0.08868472,0.08868472,0.08868472,0.08359769,0.55,0.27543831150000003
Run 64,0.0169529522,707.0,19.92672,500.4,1.0,0.25,,0.1764657,0.1764657,0.1764657,0.1764657,0.1764657,0.1176717,19.6,0.33227786312
Run 65,0.090903083,2253.9,102.9861,602.0,1.0,0.25,0.3506861,0.1088492,0.1088492,0.1088492,0.1088492,0.1088492,0.105068,2.05,0.18635132014999997
Run 66,0.0105440412,1007.9,29.22643,601.3,1.0,0.25,,0.1715134,0.1715134,0.1715134,0.1715134,0.1715134,0.1424331,26.5,0.2794170918
Run 67,11472.26,56.2,1.842147,20.9,1.0,0.25,0.2413634,0.1517273,0.1517273,0.1517273,0.1517273,0.1517273,,0.03,344.1678
Run 68,0.151083182,2003.1,86.51261,601.3,1.0,0.25,0.314113,0.1151573,0.1151573,0.1151573,0.1151573,0.1151573,0.1101006,1.4,0.2115164548
Run 69,6.383389000000001,402.9,10.44672,195.6,1.0,0.25,0.01391925,0.1918065,0.1918065,0.1918065,0.1918065,0.1918065,0.02704839,0.95,6.064219550000001
Run 70,1.41105615,1205.0,48.58538,400.3,1.0,0.25,0.2746517,0.1233527,0.1233527,0.1233527,0.1233527,0.1233527,0.1085847,0.35,0.4938696525
Run 71,0.209667525,2002.0,102.9847,351.3,1.0,0.25,0.4241284,0.09668695,0.09668695,0.09668695,0.09668695,0.09668695,0.09243683,1.03,0.21595755075
Run 72,0.141518847,2247.3,126.0908,52.3,1.0,0.25,0.4712316,0.08864426,0.08864426,0.08864426,0.08864426,0.08864426,0.08554706,1.42,0.20095676274
Run 73,0.143598297,2248.2,126.3325,3.4,1.0,0.25,0.472039,0.08850851,0.08850851,0.08850851,0.08850851,0.08850851,0.0854184,1.41,0.20247359877
Run 74,65.83318,502.3,25.97264,50.9,1.0,0.25,0.4817938,0.09619557,0.09619557,0.09619557,0.09619557,0.09619557,0.03722835,0.05,3.291659
Run 75,5.4635587,1001.3,55.16267,51.6,1.0,0.25,0.4738312,0.0902785,0.0902785,0.0902785,0.0902785,0.0902785,0.07477629,0.14,0.7648982180000001
Run 76,0.417074232,1752.1,90.28526,300.9,1.0,0.25,0.4264209,0.09651765,0.09651765,0.09651765,0.09651765,0.09651765,0.09099084,0.65,0.2710982508
Run 77,0.45627172,1749.8,94.51549,200.7,1.0,0.25,0.4528202,0.09207767,0.09207767,0.09207767,0.09207767,0.09207767,0.08679147,0.59,0.2692003148
Run 78,14.145272,704.2,30.14002,201.5,1.0,0.25,0.3418258,0.1161968,0.1161968,0.1161968,0.1161968,0.1161968,0.07719006,0.11,1.55597992
Run 79,0.0606462401,2255.8,87.75985,801.6,1.0,0.25,0.2373787,0.1278425,0.1278425,0.1278425,0.1278425,0.1278425,0.123409,3.18,0.192855043518
Run 80,0.77328252,1503.1,71.8194,351.3,1.0,0.25,0.3835234,0.1040911,0.1040911,0.1040911,0.1040911,0.1040911,0.09602107,0.44,0.3402443088
Run 81,0.056431575,1756.9,55.16082,800.9,1.0,0.25,0.05857734,0.1584074,0.1584074,0.1584074,0.1584074,0.1584074,0.1493855,4.92,0.277643349
Run 82,0.61960092,1504.0,64.82249,450.0,1.0,0.25,0.3165416,0.115399,0.115399,0.115399,0.115399,0.115399,0.1064633,0.53,0.3283884876
Run 83,0.095571102,2253.4,106.4836,551.6,1.0,0.25,0.3721493,0.1052514,0.1052514,0.1052514,0.1052514,0.1052514,0.1015937,1.89,0.18062938278
Run 84,0.0188426729,1506.9,44.48228,746.8,1.0,0.25,0.002093982,0.168484,0.168484,0.168484,0.168484,0.168484,0.1554862,18.5,0.34858944864999997
Run 85,0.26383295,1996.0,112.0722,2.6,1.0,0.25,0.4724289,0.08858135,0.08858135,0.08858135,0.08858135,0.08858135,0.08466432,0.84,0.22161967800000001
Run 86,0.37098071,19.4,0.4831036,200.0,1.0,0.25,,0.2,0.2,0.2,0.2,0.2,,3.93,1.4579541903
Run 87,25731.96,54.7,2.800179,1.9,1.0,0.25,0.5143147,0.09713706,0.09713706,0.09713706,0.09713706,0.09713706,,0.01,257.3196
Run 88,0.223056823,1998.9,105.192,300.9,1.0,0.25,0.4371081,0.09450988,0.09450988,0.09450988,0.09450988,0.09450988,0.09034251,0.96,0.21413455007999999
Run 89,0.11337585300000001,2250.6,115.5081,400.3,1.0,0.25,0.4219224,0.09690894,0.09690894,0.09690894,0.09690894,0.09690894,0.09353291,1.69,0.19160519157000003
Run 90,0.108741919,2249.8,112.6464,450.7,1.0,0.25,0.407462,0.09933351,0.09933351,0.09933351,0.09933351,0.09933351,0.09587043,1.73,0.18812351987
Run 91,5.2564694,1001.8,54.02057,100.6,1.0,0.25,0.4624415,0.09223026,0.09223026,0.09223026,0.09223026,0.09223026,0.07640723,0.14,0.7359057160000001
Run 92,0.15222752,1006.8,29.36851,494.6,1.0,0.25,0.005900417,0.1705111,0.1705111,0.1705111,0.1705111,0.1705111,0.1415441,5.97,0.9087982944
Run 93,23.311773000000002,505.1,16.43053,202.2,1.0,0.25,0.1754614,0.1529009,0.1529009,0.1529009,0.1529009,0.1529009,0.06003389,0.14,3.2636482200000008
Run 94,0.234656244,1999.7,107.3414,251.2,1.0,0.25,0.448141,0.09265687,0.09265687,0.09265687,0.09265687,0.09265687,0.08857466,0.95,0.22292343180000002
Run 95,1.08684353,1206.8,44.7608,450.0,1.0,0.25,0.2114502,0.1340928,0.1340928,0.1340928,0.1340928,0.1340928,0.1180858,0.46,0.4999480238
Run 96,1.8024577,1004.6,34.89114,401.8,1.0,0.25,0.1651922,0.1432067,0.1432067,0.1432067,0.1432067,0.1432067,0.1187743,0.42,0.757032234
Run 97,310.76480000000004,304.6,14.3055,51.6,1.0,0.25,0.4704409,0.1059118,0.1059118,0.1059118,0.1059118,0.1059118,,0.02,6.215296000000001
Run 98,141.88732,403.7,21.03294,1.9,1.0,0.25,0.5090367,0.09545708,0.09545708,0.09545708,0.09545708,0.09545708,0.01367787,0.04,5.6754928
Run 99,0.191665276,2001.7,97.03935,451.5,1.0,0.25,0.3889609,0.1025917,0.1025917,0.1025917,0.1025917,0.1025917,0.0980804,1.13,0.21658176187999997
Run 100,0.01273101708,1507.0,44.39189,756.3,1.0,0.25,,0.1688372,0.1688372,0.1688372,0.1688372,0.1688372,0.1558138,20.3,0.258439646724
Run 101,0.276958376,1754.5,73.79328,550.9,1.0,0.25,0.2972572,0.1182493,0.1182493,0.1182493,0.1182493,0.1182493,0.1114963,0.96,0.26588004096
Run 102,4.9914512,1002.2,52.06774,151.8,1.0,0.25,0.4419923,0.09573611,0.09573611,0.09573611,0.09573611,0.09573611,0.07932713,0.15,0.74871768
Run 103,2.6187521,1201.7,66.67244,50.9,1.0,0.25,0.4729486,0.08964028,0.08964028,0.08964028,0.08964028,0.08964028,0.07884996,0.19,0.497562899
Run 104,12.726167999999998,205.6,5.113715,106.4,1.0,0.25,,0.2,0.2,0.2,0.2,0.2,,0.71,9.035579279999999
Run 105,17.249473,703.7,33.5746,151.0,1.0,0.25,0.4096039,0.1042389,0.1042389,0.1042389,0.1042389,0.1042389,0.06920174,0.09,1.5524525699999998
Run 106,0.11659905599999999,2251.5,118.0807,349.9,1.0,0.25,0.4343024,0.09483315,0.09483315,0.09483315,0.09483315,0.09483315,0.0915319,1.62,0.18889047072
Run 107,1.9644007700000001,1202.7,55.92991,300.1,1.0,0.25,0.371144,0.1069513,0.1069513,0.1069513,0.1069513,0.1069513,0.0940993,0.26,0.5107442002
Run 108,0.149233427,1757.2,62.11863,701.5,1.0,0.25,0.1638417,0.1406947,0.1406947,0.1406947,0.1406947,0.1406947,0.1326849,1.75,0.26115849725
Run 109,4.071187,1004.5,46.42824,251.2,1.0,0.25,0.3727102,0.1076088,0.1076088,0.1076088,0.1076088,0.1076088,0.08924577,0.18,0.73281366
Run 110,0.238462376,2000.6,109.112,202.2,1.0,0.25,0.4568594,0.09119248,0.09119248,0.09119248,0.09119248,0.09119248,0.08717821,0.9,0.21461613840000002
Run 111,1.9736775,404.3,10.34561,205.1,1.0,0.25,,0.1943626,0.1943626,0.1943626,0.1943626,0.1943626,0.0281871,1.45,2.861832375
Run 112,5.4287282,1003.5,55.70876,2.6,1.0,0.25,0.4777867,0.0895887,0.0895887,0.0895887,0.0895887,0.0895887,0.07426978,0.13,0.705734666
Run 113,0.4352261,1750.3,92.51072,251.9,1.0,0.25,0.4408032,0.09409935,0.09409935,0.09409935,0.09409935,0.09409935,0.08870007,0.63,0.274192443
Run 114,0.91727292,1501.7,79.84118,201.5,1.0,0.25,0.4460038,0.09354369,0.09354369,0.09354369,0.09354369,0.09354369,0.08627773,0.37,0.3393909804
Run 115,24.606398,306.9,7.87189,145.9,1.0,0.25,0.0306001,0.19388,0.19388,0.19388,0.19388,0.19388,,0.48,11.811071039999998
Run 116,0.199799685,1506.0,49.42901,651.0,1.0,0.25,0.1025206,0.1515306,0.1515306,0.1515306,0.1515306,0.1515306,0.1398266,1.67,0.33366547395
Run 117,0.400204888,1752.5,87.62768,349.9,1.0,0.25,0.4088645,0.09947141,0.09947141,0.09947141,0.09947141,0.09947141,0.09377847,0.68,0.27213932384
Run 118,0.42456302,1506.3,57.21622,548.7,1.0,0.25,0.2244845,0.1309374,0.1309374,0.1309374,0.1309374,0.1309374,0.1208287,0.79,0.33540478580000005
Run 119,3.809826,55.6,1.383626,101.3,1.0,0.25,,0.2,0.2,0.2,0.2,0.2,,1.34,5.105166840000001
Run 120,0.06028813500000001,1206.9,35.43388,595.5,1.0,0.25,0.003833785,0.1693976,0.1693976,0.1693976,0.1693976,0.1693976,0.1491783,9.56,0.5763545706000001
Run 121,0.6866122800000001,1206.0,40.77,501.2,1.0,0.25,0.1348874,0.1471163,0.1471163,0.1471163,0.1471163,0.1471163,0.1295309,0.72,0.49436084160000004
Run 122,341.84389999999996,304.2,15.62996,1.9,1.0,0.25,0.5160705,0.0967859,0.0967859,0.0967859,0.0967859,0.0967859,,0.02,6.836878
Run 123,0.076237367,2253.5,95.56473,700.7,1.0,0.25,0.3003824,0.1172822,0.1172822,0.1172822,0.1172822,0.1172822,0.1132067,2.51,0.19135579116999998
Run 124,0.79205932,1005.1,31.35703,452.2,1.0,0.25,0.070635,0.1594231,0.1594231,0.1594231,0.1594231,0.1594231,0.1322493,0.94,0.7445357608
Run 125,0.0677941096,2255.3,91.7905,750.4,1.0,0.25,0.2710264,0.1222022,0.1222022,0.1222022,0.1222022,0.1222022,0.1179625,2.77,0.187789683592
Run 126,1.7167444100000002,1203.2,52.31449,350.6,1.0,0.25,0.327404,0.1143885,0.1143885,0.1143885,0.1143885,0.1143885,0.1006535,0.3,0.5150233230000001
Run 127,63.01807000000001,405.1,13.55095,151.0,1.0,0.25,0.2346704,0.1486854,0.1486854,0.1486854,0.1486854,0.1486854,0.02190267,0.08,5.041445600000001
Run 128,0.314202075,1505.5,53.03991,601.3,1.0,0.25,0.1638905,0.14117,0.14117,0.14117,0.14117,0.14117,0.1302595,1.06,0.33305419950000004
Run 129,0.0095390532,209.4,5.207502,501.2,1.0,0.25,,0.2,0.2,0.2,0.2,0.2,,33.2,0.31669656624000003
Run 130,132.98374,404.1,20.08611,50.1,1.0,0.25,0.4851763,0.1000709,0.1000709,0.1000709,0.1000709,0.1000709,0.0144692,0.04,5.319349600000001
Run 131,0.87446083,1502.1,77.63398,250.4,1.0,0.25,0.430071,0.09623321,0.09623321,0.09623321,0.09623321,0.09623321,0.08876293,0.39,0.3410397237
Run 132,1.5718476,204.7,5.091312,151.0,1.0,0.25,,0.2,0.2,0.2,0.2,0.2,,1.93,3.0336658679999995
Run 133,0.48943442,1750.2,97.20973,102.0,1.0,0.25,0.4678667,0.08954532,0.08954532,0.08954532,0.08954532,0.08954532,0.08440673,0.57,0.2789776194
Run 134,21.163445,703.6,38.48133,1.9,1.0,0.25,0.4849644,0.09093481,0.09093481,0.09093481,0.09093481,0.09093481,0.06036157,0.07,1.4814411500000002
Run 135,3.4551881,1003.7,42.74605,300.9,1.0,0.25,0.3192855,0.1167792,0.1167792,0.1167792,0.1167792,0.1167792,0.09681849,0.21,0.725589501
Run 136,0.080119367,57.5,1.43104,300.9,1.0,0.25,,0.2,0.2,0.2,0.2,0.2,,9.79,0.7843686029299999
Run 137,0.10179896,2252.9,109.8139,500.4,1.0,0.25,0.3913233,0.1020374,0.1020374,0.1020374,0.1020374,0.1020374,0.09848984,1.87,0.1903640552
Run 138,19.08495,703.2,36.186,101.3,1.0,0.25,0.4526211,0.09665108,0.09665108,0.09665108,0.09665108,0.09665108,0.06412354,0.08,1.526796
Run 139,0.09577087100000001,2004.5,74.752,751.9,1.0,0.25,0.2056249,0.1333705,0.1333705,0.1333705,0.1333705,0.1333705,0.1275224,2.28,0.21835758588
Run 140,0.076185981,2006.3,71.05684,800.9,1.0,0.25,0.1635558,0.1404318,0.1404318,0.1404318,0.1404318,0.1404318,0.134285,2.84,0.21636818604
Run 141,2.3080879,1203.1,61.95327,200.0,1.0,0.25,0.4321019,0.09658287,0.09658287,0.09658287,0.09658287,0.09658287,0.08498378,0.22,0.507779338
Run 142,0.13722582300000002,2247.8,125.5859,101.3,1.0,0.25,0.4689936,0.08901923,0.08901923,0.08901923,0.08901923,0.08901923,0.08591021,1.43,0.19623292689000002
Run 143,0.08455079900000001,2251.7,99.18637,651.8,1.0,0.25,0.326471,0.1129098,0.1129098,0.1129098,0.1129098,0.1129098,0.1089801,2.3,0.1944668377
Run 144,0.122707316,2249.7,120.101,301.6,1.0,0.25,0.4442649,0.09316389,0.09316389,0.09316389,0.09316389,0.09316389,0.08991562,1.53,0.18774219347999999
