Input File,mT1 (GeV),mn1 (GeV)
/home/yoxara/workstation/Output_MC/SUSY_MA5_val/_run_01_356_300/Input/_pptt1jmatch_run_01_356_300.list,355.6537,300.0
/home/yoxara/workstation/Output_MC/SUSY_MA5_val/_run_02_361_300/Input/_pptt1jmatch_run_02_361_300.list,360.9541,300.0
/home/yoxara/workstation/Output_MC/SUSY_MA5_val/_run_03_365_300/Input/_pptt1jmatch_run_03_365_300.list,365.371,300.0
/home/yoxara/workstation/Output_MC/SUSY_MA5_val/_run_04_370_300/Input/_pptt1jmatch_run_04_370_300.list,369.788,300.0
/home/yoxara/workstation/Output_MC/SUSY_MA5_val/_run_05_376_300/Input/_pptt1jmatch_run_05_376_300.list,375.9717,300.0
/home/yoxara/workstation/Output_MC/SUSY_MA5_val/_run_06_365_319/Input/_pptt1jmatch_run_06_365_319.list,365.371,318.6404
/home/yoxara/workstation/Output_MC/SUSY_MA5_val/_run_07_371_319/Input/_pptt1jmatch_run_07_371_319.list,370.6714,318.6404
/home/yoxara/workstation/Output_MC/SUSY_MA5_val/_run_08_375_319/Input/_pptt1jmatch_run_08_375_319.list,375.0883,318.6404
/home/yoxara/workstation/Output_MC/SUSY_MA5_val/_run_09_380_319/Input/_pptt1jmatch_run_09_380_319.list,380.3887,318.6404
/home/yoxara/workstation/Output_MC/SUSY_MA5_val/_run_10_390_320/Input/_pptt1jmatch_run_10_390_320.list,390.106,319.7368
/home/yoxara/workstation/Output_MC/SUSY_MA5_val/_run_11_400_319/Input/_pptt1jmatch_run_11_400_319.list,399.8233,318.6404
/home/yoxara/workstation/Output_MC/SUSY_MA5_val/_run_12_361_329/Input/_pptt1jmatch_run_12_361_329.list,360.9541,328.5088
/home/yoxara/workstation/Output_MC/SUSY_MA5_val/_run_13_365_330/Input/_pptt1jmatch_run_13_365_330.list,365.371,329.6053
/home/yoxara/workstation/Output_MC/SUSY_MA5_val/_run_14_370_329/Input/_pptt1jmatch_run_14_370_329.list,369.788,328.5088
/home/yoxara/workstation/Output_MC/SUSY_MA5_val/_run_15_375_329/Input/_pptt1jmatch_run_15_375_329.list,375.0883,328.5088
/home/yoxara/workstation/Output_MC/SUSY_MA5_val/_run_16_380_330/Input/_pptt1jmatch_run_16_380_330.list,380.3887,329.6053
/home/yoxara/workstation/Output_MC/SUSY_MA5_val/_run_17_385_329/Input/_pptt1jmatch_run_17_385_329.list,384.8057,328.5088
/home/yoxara/workstation/Output_MC/SUSY_MA5_val/_run_18_390_330/Input/_pptt1jmatch_run_18_390_330.list,390.106,329.6053
/home/yoxara/workstation/Output_MC/SUSY_MA5_val/_run_19_400_330/Input/_pptt1jmatch_run_19_400_330.list,399.8233,329.6053
/home/yoxara/workstation/Output_MC/SUSY_MA5_val/_run_20_375_349/Input/_pptt1jmatch_run_20_375_349.list,375.0883,349.3421
/home/yoxara/workstation/Output_MC/SUSY_MA5_val/_run_21_380_349/Input/_pptt1jmatch_run_21_380_349.list,380.3887,349.3421
/home/yoxara/workstation/Output_MC/SUSY_MA5_val/_run_22_383_349/Input/_pptt1jmatch_run_22_383_349.list,383.0389,349.3421
/home/yoxara/workstation/Output_MC/SUSY_MA5_val/_run_23_386_349/Input/_pptt1jmatch_run_23_386_349.list,385.689,349.3421
/home/yoxara/workstation/Output_MC/SUSY_MA5_val/_run_24_389_349/Input/_pptt1jmatch_run_24_389_349.list,389.2226,349.3421
/home/yoxara/workstation/Output_MC/SUSY_MA5_val/_run_25_395_349/Input/_pptt1jmatch_run_25_395_349.list,395.4064,349.3421
/home/yoxara/workstation/Output_MC/SUSY_MA5_val/_run_26_400_349/Input/_pptt1jmatch_run_26_400_349.list,399.8233,349.3421
/home/yoxara/workstation/Output_MC/SUSY_MA5_val/_run_27_410_349/Input/_pptt1jmatch_run_27_410_349.list,410.424,349.3421
/home/yoxara/workstation/Output_MC/SUSY_MA5_val/_run_28_420_349/Input/_pptt1jmatch_run_28_420_349.list,420.1413,349.3421
/home/yoxara/workstation/Output_MC/SUSY_MA5_val/_run_29_390_364/Input/_pptt1jmatch_run_29_390_364.list,390.106,363.5965
/home/yoxara/workstation/Output_MC/SUSY_MA5_val/_run_30_395_365/Input/_pptt1jmatch_run_30_395_365.list,395.4064,364.693
/home/yoxara/workstation/Output_MC/SUSY_MA5_val/_run_31_397_365/Input/_pptt1jmatch_run_31_397_365.list,397.1731,364.693
/home/yoxara/workstation/Output_MC/SUSY_MA5_val/_run_32_400_365/Input/_pptt1jmatch_run_32_400_365.list,399.8233,364.693
/home/yoxara/workstation/Output_MC/SUSY_MA5_val/_run_33_406_365/Input/_pptt1jmatch_run_33_406_365.list,406.0071,364.693
/home/yoxara/workstation/Output_MC/SUSY_MA5_val/_run_34_410_365/Input/_pptt1jmatch_run_34_410_365.list,410.424,364.693
/home/yoxara/workstation/Output_MC/SUSY_MA5_val/_run_35_416_365/Input/_pptt1jmatch_run_35_416_365.list,415.7244,364.693
/home/yoxara/workstation/Output_MC/SUSY_MA5_val/_run_37_430_365/Input/_pptt1jmatch_run_37_430_365.list,429.8587,364.693
/home/yoxara/workstation/Output_MC/SUSY_MA5_val/_run_39_420_365/Input/_pptt1jmatch_run_39_420_365.list,420.0,365.0
/home/yoxara/workstation/Output_MC/SUSY_MA5_val/_run_40_430_364/Input/_pptt1jmatch_run_40_430_364.list,430.0,364.0
/home/yoxara/workstation/Output_MC/SUSY_MA5_val/_run_41_401_380/Input/_pptt1jmatch_run_41_401_380.list,401.0,380.0
/home/yoxara/workstation/Output_MC/SUSY_MA5_val/_run_42_405_379/Input/_pptt1jmatch_run_42_405_379.list,405.0,379.0
/home/yoxara/workstation/Output_MC/SUSY_MA5_val/_run_43_410_379/Input/_pptt1jmatch_run_43_410_379.list,410.0,379.0
/home/yoxara/workstation/Output_MC/SUSY_MA5_val/_run_44_416_379/Input/_pptt1jmatch_run_44_416_379.list,416.0,379.0
/home/yoxara/workstation/Output_MC/SUSY_MA5_val/_run_45_420_379/Input/_pptt1jmatch_run_45_420_379.list,420.0,379.0
/home/yoxara/workstation/Output_MC/SUSY_MA5_val/_run_46_425_380/Input/_pptt1jmatch_run_46_425_380.list,425.0,380.0
/home/yoxara/workstation/Output_MC/SUSY_MA5_val/_run_47_440_380/Input/_pptt1jmatch_run_47_440_380.list,440.0,380.0
/home/yoxara/workstation/Output_MC/SUSY_MA5_val/_run_48_450_379/Input/_pptt1jmatch_run_48_450_379.list,450.0,379.0
/home/yoxara/workstation/Output_MC/SUSY_MA5_val/_run_49_410_400/Input/_pptt1jmatch_run_49_410_400.list,410.0,400.0
/home/yoxara/workstation/Output_MC/SUSY_MA5_val/_run_50_421_399/Input/_pptt1jmatch_run_50_421_399.list,421.0,399.0
/home/yoxara/workstation/Output_MC/SUSY_MA5_val/_run_51_430_399/Input/_pptt1jmatch_run_51_430_399.list,430.0,399.0
/home/yoxara/workstation/Output_MC/SUSY_MA5_val/_run_52_439_400/Input/_pptt1jmatch_run_52_439_400.list,439.0,400.0
/home/yoxara/workstation/Output_MC/SUSY_MA5_val/_run_53_450_400/Input/_pptt1jmatch_run_53_450_400.list,450.0,400.0
/home/yoxara/workstation/Output_MC/SUSY_MA5_val/_run_54_431_420/Input/_pptt1jmatch_run_54_431_420.list,431.0,420.0
/home/yoxara/workstation/Output_MC/SUSY_MA5_val/_run_55_435_421/Input/_pptt1jmatch_run_55_435_421.list,435.0,421.0
/home/yoxara/workstation/Output_MC/SUSY_MA5_val/_run_56_450_420/Input/_pptt1jmatch_run_56_450_420.list,450.0,420.0
/home/yoxara/workstation/Output_MC/SUSY_MA5_val/_run_57_461_420/Input/_pptt1jmatch_run_57_461_420.list,461.0,420.0
/home/yoxara/workstation/Output_MC/SUSY_MA5_val/_run_58_470_421/Input/_pptt1jmatch_run_58_470_421.list,470.0,421.0
/home/yoxara/workstation/Output_MC/SUSY_MA5_val/_run_59_456_449/Input/_pptt1jmatch_run_59_456_449.list,456.0,449.0
/home/yoxara/workstation/Output_MC/SUSY_MA5_val/_run_60_461_449/Input/_pptt1jmatch_run_60_461_449.list,461.0,449.0
/home/yoxara/workstation/Output_MC/SUSY_MA5_val/_run_63_470_450/Input/_pptt1jmatch_run_63_470_450.list,470.0,450.0
/home/yoxara/workstation/Output_MC/SUSY_MA5_val/_run_64_480_450/Input/_pptt1jmatch_run_64_480_450.list,480.0,450.0
/home/yoxara/workstation/Output_MC/SUSY_MA5_val/_run_65_485_450/Input/_pptt1jmatch_run_65_485_450.list,485.0,450.0
/home/yoxara/workstation/Output_MC/SUSY_MA5_val/_run_66_490_450/Input/_pptt1jmatch_run_66_490_450.list,490.0,450.0
/home/yoxara/workstation/Output_MC/SUSY_MA5_val/_run_67_487_480/Input/_pptt1jmatch_run_67_487_480.list,487.0,480.0
/home/yoxara/workstation/Output_MC/SUSY_MA5_val/_run_68_491_480/Input/_pptt1jmatch_run_68_491_480.list,491.0,480.0
/home/yoxara/workstation/Output_MC/SUSY_MA5_val/_run_69_500_480/Input/_pptt1jmatch_run_69_500_480.list,500.0,480.0
/home/yoxara/workstation/Output_MC/SUSY_MA5_val/_run_70_502_490/Input/_pptt1jmatch_run_70_502_490.list,502.0,490.0
/home/yoxara/workstation/Output_MC/SUSY_MA5_val/_run_71_516_501/Input/_pptt1jmatch_run_71_516_501.list,516.0,501.0
/home/yoxara/workstation/Output_MC/SUSY_MA5_val/_run_72_520_501/Input/_pptt1jmatch_run_72_520_501.list,520.0,501.0
/home/yoxara/workstation/Output_MC/SUSY_MA5_val/_run_73_531_520/Input/_pptt1jmatch_run_73_531_520.list,531.0,520.0
/home/yoxara/workstation/Output_MC/SUSY_MA5_val/_run_74_535_520/Input/_pptt1jmatch_run_74_535_520.list,535.0,520.0
/home/yoxara/workstation/Output_MC/SUSY_MA5_val/_run_75_540_520/Input/_pptt1jmatch_run_75_540_520.list,540.0,520.0
/home/yoxara/workstation/Output_MC/SUSY_MA5_val/_run_76_546_540/Input/_pptt1jmatch_run_76_546_540.list,546.0,540.0
/home/yoxara/workstation/Output_MC/SUSY_MA5_val/_run_77_550_540/Input/_pptt1jmatch_run_77_550_540.list,550.0,540.0
