Label,Region,Total Weight,Mediator Mass (GeV),Mediator Width (GeV),DM Mass (GeV),gAx,gVx,gAq,gVq
Run 1,EM0,1.642929417543875,464.262,22.268,83.132,1.0,0.0,0.25,0.0
Run 1,EM1,0.9510245789473633,464.262,22.268,83.132,1.0,0.0,0.25,0.0
Run 1,EM2,0.5099697017543843,464.262,22.268,83.132,1.0,0.0,0.25,0.0
Run 1,EM3,0.3225213789473682,464.262,22.268,83.132,1.0,0.0,0.25,0.0
Run 1,EM4,0.4217587263157885,464.262,22.268,83.132,1.0,0.0,0.25,0.0
Run 1,EM5,0.15712580000000018,464.262,22.268,83.132,1.0,0.0,0.25,0.0
Run 1,EM6,0.060645045614035074,464.262,22.268,83.132,1.0,0.0,0.25,0.0
Run 1,EM7,0.01653955789473684,464.262,22.268,83.132,1.0,0.0,0.25,0.0
Run 1,EM8,0.008269778947368422,464.262,22.268,83.132,1.0,0.0,0.25,0.0
Run 1,EM9,0.0027565929824561403,464.262,22.268,83.132,1.0,0.0,0.25,0.0
Run 1,EM10,0.0,464.262,22.268,83.132,1.0,0.0,0.25,0.0
Run 1,EM11,0.0,464.262,22.268,83.132,1.0,0.0,0.25,0.0
Run 1,EM12,0.0027565929824561403,464.262,22.268,83.132,1.0,0.0,0.25,0.0
Run 2,EM0,0.003130817118947353,464.262,12.24455,327.73,1.0,0.0,0.25,0.0
Run 2,EM1,0.0019438785063157803,464.262,12.24455,327.73,1.0,0.0,0.25,0.0
Run 2,EM2,0.0012899961568420997,464.262,12.24455,327.73,1.0,0.0,0.25,0.0
Run 2,EM3,0.0008706585631578915,464.262,12.24455,327.73,1.0,0.0,0.25,0.0
Run 2,EM4,0.0009559475652631542,464.262,12.24455,327.73,1.0,0.0,0.25,0.0
Run 2,EM5,0.0005046265957894724,464.262,12.24455,327.73,1.0,0.0,0.25,0.0
Run 2,EM6,0.00027363554842105265,464.262,12.24455,327.73,1.0,0.0,0.25,0.0
Run 2,EM7,0.00016347058736842105,464.262,12.24455,327.73,1.0,0.0,0.25,0.0
Run 2,EM8,8.884271052631575e-05,464.262,12.24455,327.73,1.0,0.0,0.25,0.0
Run 2,EM9,6.752046e-05,464.262,12.24455,327.73,1.0,0.0,0.25,0.0
Run 2,EM10,2.8429667368421056e-05,464.262,12.24455,327.73,1.0,0.0,0.25,0.0
Run 2,EM11,2.132225052631579e-05,464.262,12.24455,327.73,1.0,0.0,0.25,0.0
Run 2,EM12,1.4214833684210528e-05,464.262,12.24455,327.73,1.0,0.0,0.25,0.0
Run 3,EM0,0.0002237671907438611,700.69,19.72901,588.03,1.0,0.0,0.25,0.0
Run 3,EM1,0.00014386636837192878,700.69,19.72901,588.03,1.0,0.0,0.25,0.0
Run 3,EM2,9.246949105964825e-05,700.69,19.72901,588.03,1.0,0.0,0.25,0.0
Run 3,EM3,7.204540444210499e-05,700.69,19.72901,588.03,1.0,0.0,0.25,0.0
Run 3,EM4,8.708291876491157e-05,700.69,19.72901,588.03,1.0,0.0,0.25,0.0
Run 3,EM5,4.62347455298246e-05,700.69,19.72901,588.03,1.0,0.0,0.25,0.0
Run 3,EM6,2.558621840000002e-05,700.69,19.72901,588.03,1.0,0.0,0.25,0.0
Run 3,EM7,2.0872967642105277e-05,700.69,19.72901,588.03,1.0,0.0,0.25,0.0
Run 3,EM8,1.077314458947369e-05,700.69,19.72901,588.03,1.0,0.0,0.25,0.0
Run 3,EM9,7.855417929824564e-06,700.69,19.72901,588.03,1.0,0.0,0.25,0.0
Run 3,EM10,3.8154887087719285e-06,700.69,19.72901,588.03,1.0,0.0,0.25,0.0
Run 3,EM11,2.6932861473684203e-06,700.69,19.72901,588.03,1.0,0.0,0.25,0.0
Run 3,EM12,2.244405122807017e-06,700.69,19.72901,588.03,1.0,0.0,0.25,0.0
Run 4,EM0,0.16709164743157984,1000.1,54.42475,83.132,1.0,0.0,0.25,0.0
Run 4,EM1,0.10097488444561344,1000.1,54.42475,83.132,1.0,0.0,0.25,0.0
Run 4,EM2,0.06441174617543888,1000.1,54.42475,83.132,1.0,0.0,0.25,0.0
Run 4,EM3,0.04906659488070191,1000.1,54.42475,83.132,1.0,0.0,0.25,0.0
Run 4,EM4,0.04944548750526332,1000.1,54.42475,83.132,1.0,0.0,0.25,0.0
Run 4,EM5,0.026522483719298207,1000.1,54.42475,83.132,1.0,0.0,0.25,0.0
Run 4,EM6,0.016671275480701773,1000.1,54.42475,83.132,1.0,0.0,0.25,0.0
Run 4,EM7,0.0070095135543859636,1000.1,54.42475,83.132,1.0,0.0,0.25,0.0
Run 4,EM8,0.005115050431578948,1000.1,54.42475,83.132,1.0,0.0,0.25,0.0
Run 4,EM9,0.0030311409964912293,1000.1,54.42475,83.132,1.0,0.0,0.25,0.0
Run 4,EM10,0.0,1000.1,54.42475,83.132,1.0,0.0,0.25,0.0
Run 4,EM11,0.0011366778736842107,1000.1,54.42475,83.132,1.0,0.0,0.25,0.0
Run 4,EM12,0.0009472315614035088,1000.1,54.42475,83.132,1.0,0.0,0.25,0.0
Run 5,EM0,0.005367388735087595,2017.4,88.4714,588.03,1.0,0.0,0.25,0.0
Run 5,EM1,0.0034901246947367888,2017.4,88.4714,588.03,1.0,0.0,0.25,0.0
Run 5,EM2,0.002342613999649113,2017.4,88.4714,588.03,1.0,0.0,0.25,0.0
Run 5,EM3,0.0016234367898245654,2017.4,88.4714,588.03,1.0,0.0,0.25,0.0
Run 5,EM4,0.0022685810515789403,2017.4,88.4714,588.03,1.0,0.0,0.25,0.0
Run 5,EM5,0.0012797123880701783,2017.4,88.4714,588.03,1.0,0.0,0.25,0.0
Run 5,EM6,0.0007509056161403522,2017.4,88.4714,588.03,1.0,0.0,0.25,0.0
Run 5,EM7,0.00041246928210526346,2017.4,88.4714,588.03,1.0,0.0,0.25,0.0
Run 5,EM8,0.00027497952140350865,2017.4,88.4714,588.03,1.0,0.0,0.25,0.0
Run 5,EM9,0.0001374897607017544,2017.4,88.4714,588.03,1.0,0.0,0.25,0.0
Run 5,EM10,0.00014806589614035088,2017.4,88.4714,588.03,1.0,0.0,0.25,0.0
Run 5,EM11,7.403294807017545e-05,2017.4,88.4714,588.03,1.0,0.0,0.25,0.0
Run 5,EM12,4.230454175438596e-05,2017.4,88.4714,588.03,1.0,0.0,0.25,0.0
Run 6,EM0,0.002124058451052642,300.29,7.4676,327.73,1.0,0.0,0.25,0.0
Run 6,EM1,0.0013395629952631704,300.29,7.4676,327.73,1.0,0.0,0.25,0.0
Run 6,EM2,0.0008239669252631617,300.29,7.4676,327.73,1.0,0.0,0.25,0.0
Run 6,EM3,0.000599472942631579,300.29,7.4676,327.73,1.0,0.0,0.25,0.0
Run 6,EM4,0.0007302221852631602,300.29,7.4676,327.73,1.0,0.0,0.25,0.0
Run 6,EM5,0.000328106589999999,300.29,7.4676,327.73,1.0,0.0,0.25,0.0
Run 6,EM6,0.00018008857947368395,300.29,7.4676,327.73,1.0,0.0,0.25,0.0
Run 6,EM7,0.0001332162094736842,300.29,7.4676,327.73,1.0,0.0,0.25,0.0
Run 6,EM8,4.687237000000001e-05,300.29,7.4676,327.73,1.0,0.0,0.25,0.0
Run 6,EM9,3.700450263157895e-05,300.29,7.4676,327.73,1.0,0.0,0.25,0.0
Run 6,EM10,1.9735734736842104e-05,300.29,7.4676,327.73,1.0,0.0,0.25,0.0
Run 6,EM11,1.4801801052631577e-05,300.29,7.4676,327.73,1.0,0.0,0.25,0.0
Run 6,EM12,9.867867368421052e-06,300.29,7.4676,327.73,1.0,0.0,0.25,0.0
Run 7,EM0,0.016115328351930188,1759.0,96.52742,153.87,1.0,0.0,0.25,0.0
Run 7,EM1,0.010255208951228183,1759.0,96.52742,153.87,1.0,0.0,0.25,0.0
Run 7,EM2,0.006697279315087708,1759.0,96.52742,153.87,1.0,0.0,0.25,0.0
Run 7,EM3,0.004652677216491221,1759.0,96.52742,153.87,1.0,0.0,0.25,0.0
Run 7,EM4,0.00647189010736841,1759.0,96.52742,153.87,1.0,0.0,0.25,0.0
Run 7,EM5,0.004137501884561397,1759.0,96.52742,153.87,1.0,0.0,0.25,0.0
Run 7,EM6,0.0023343882228070143,1759.0,96.52742,153.87,1.0,0.0,0.25,0.0
Run 7,EM7,0.0012879383298245602,1759.0,96.52742,153.87,1.0,0.0,0.25,0.0
Run 7,EM8,0.0007566637687719297,1759.0,96.52742,153.87,1.0,0.0,0.25,0.0
Run 7,EM9,0.0004990761028070179,1759.0,96.52742,153.87,1.0,0.0,0.25,0.0
Run 7,EM10,0.00024148843684210523,1759.0,96.52742,153.87,1.0,0.0,0.25,0.0
Run 7,EM11,0.00024148843684210523,1759.0,96.52742,153.87,1.0,0.0,0.25,0.0
Run 7,EM12,0.00014489306210526315,1759.0,96.52742,153.87,1.0,0.0,0.25,0.0
Run 8,EM0,0.007417707400350852,2017.4,105.0354,327.73,1.0,0.0,0.25,0.0
Run 8,EM1,0.004991698042456125,2017.4,105.0354,327.73,1.0,0.0,0.25,0.0
Run 8,EM2,0.003425819275087709,2017.4,105.0354,327.73,1.0,0.0,0.25,0.0
Run 8,EM3,0.0025950948585964843,2017.4,105.0354,327.73,1.0,0.0,0.25,0.0
Run 8,EM4,0.003278788404912271,2017.4,105.0354,327.73,1.0,0.0,0.25,0.0
Run 8,EM5,0.0015732303108771898,2017.4,105.0354,327.73,1.0,0.0,0.25,0.0
Run 8,EM6,0.0009704037431578937,2017.4,105.0354,327.73,1.0,0.0,0.25,0.0
Run 8,EM7,0.0006248811982456144,2017.4,105.0354,327.73,1.0,0.0,0.25,0.0
Run 8,EM8,0.00034552254491228106,2017.4,105.0354,327.73,1.0,0.0,0.25,0.0
Run 8,EM9,0.0003087648273684213,2017.4,105.0354,327.73,1.0,0.0,0.25,0.0
Run 8,EM10,0.00020584321824561403,2017.4,105.0354,327.73,1.0,0.0,0.25,0.0
Run 8,EM11,0.00013967932666666667,2017.4,105.0354,327.73,1.0,0.0,0.25,0.0
Run 8,EM12,8.086697859649123e-05,2017.4,105.0354,327.73,1.0,0.0,0.25,0.0
Run 9,EM0,0.5793518010526284,700.69,36.76795,83.132,1.0,0.0,0.25,0.0
Run 9,EM1,0.3425364663157911,700.69,36.76795,83.132,1.0,0.0,0.25,0.0
Run 9,EM2,0.19170765192982528,700.69,36.76795,83.132,1.0,0.0,0.25,0.0
Run 9,EM3,0.13109420315789508,700.69,36.76795,83.132,1.0,0.0,0.25,0.0
Run 9,EM4,0.14378073894736884,700.69,36.76795,83.132,1.0,0.0,0.25,0.0
Run 9,EM5,0.07189036947368418,700.69,36.76795,83.132,1.0,0.0,0.25,0.0
Run 9,EM6,0.02748749421052634,700.69,36.76795,83.132,1.0,0.0,0.25,0.0
Run 9,EM7,0.02114422631578949,700.69,36.76795,83.132,1.0,0.0,0.25,0.0
Run 9,EM8,0.01480095842105264,700.69,36.76795,83.132,1.0,0.0,0.25,0.0
Run 9,EM9,0.006343267894736842,700.69,36.76795,83.132,1.0,0.0,0.25,0.0
Run 9,EM10,0.005638460350877193,700.69,36.76795,83.132,1.0,0.0,0.25,0.0
Run 9,EM11,0.0007048075438596492,700.69,36.76795,83.132,1.0,0.0,0.25,0.0
Run 9,EM12,0.0007048075438596492,700.69,36.76795,83.132,1.0,0.0,0.25,0.0
Run 10,EM0,0.02750426214736883,1501.5,74.91779,299.82,1.0,0.0,0.25,0.0
Run 10,EM1,0.01815339023157896,1501.5,74.91779,299.82,1.0,0.0,0.25,0.0
Run 10,EM2,0.011602007747368396,1501.5,74.91779,299.82,1.0,0.0,0.25,0.0
Run 10,EM3,0.007994418273684249,1501.5,74.91779,299.82,1.0,0.0,0.25,0.0
Run 10,EM4,0.010418718399999995,1501.5,74.91779,299.82,1.0,0.0,0.25,0.0
Run 10,EM5,0.006205053894736864,1501.5,74.91779,299.82,1.0,0.0,0.25,0.0
Run 10,EM6,0.0031458180210526265,1501.5,74.91779,299.82,1.0,0.0,0.25,0.0
Run 10,EM7,0.0021068322526315766,1501.5,74.91779,299.82,1.0,0.0,0.25,0.0
Run 10,EM8,0.0012698714947368419,1501.5,74.91779,299.82,1.0,0.0,0.25,0.0
Run 10,EM9,0.0010101250526315794,1501.5,74.91779,299.82,1.0,0.0,0.25,0.0
Run 10,EM10,0.0003463285894736842,1501.5,74.91779,299.82,1.0,0.0,0.25,0.0
Run 10,EM11,0.00046177145263157885,1501.5,74.91779,299.82,1.0,0.0,0.25,0.0
Run 10,EM12,0.00014430357894736843,1501.5,74.91779,299.82,1.0,0.0,0.25,0.0
Run 11,EM0,0.01638625231578978,1759.0,98.02924,83.132,1.0,0.0,0.25,0.0
Run 11,EM1,0.010789716909473852,1759.0,98.02924,83.132,1.0,0.0,0.25,0.0
Run 11,EM2,0.007529272858947455,1759.0,98.02924,83.132,1.0,0.0,0.25,0.0
Run 11,EM3,0.005142762265263185,1759.0,98.02924,83.132,1.0,0.0,0.25,0.0
Run 11,EM4,0.0060839213726316295,1759.0,98.02924,83.132,1.0,0.0,0.25,0.0
Run 11,EM5,0.003983119793684209,1759.0,98.02924,83.132,1.0,0.0,0.25,0.0
Run 11,EM6,0.0017814797389473671,1759.0,98.02924,83.132,1.0,0.0,0.25,0.0
Run 11,EM7,0.0011932552968421046,1759.0,98.02924,83.132,1.0,0.0,0.25,0.0
Run 11,EM8,0.0009579655199999994,1759.0,98.02924,83.132,1.0,0.0,0.25,0.0
Run 11,EM9,0.0006722565052631576,1759.0,98.02924,83.132,1.0,0.0,0.25,0.0
Run 11,EM10,0.0002520961894736843,1759.0,98.02924,83.132,1.0,0.0,0.25,0.0
Run 11,EM11,0.00015125771368421054,1759.0,98.02924,83.132,1.0,0.0,0.25,0.0
Run 11,EM12,0.00013445130105263159,1759.0,98.02924,83.132,1.0,0.0,0.25,0.0
Run 12,EM0,0.03222998853122817,1501.5,81.57238,153.87,1.0,0.0,0.25,0.0
Run 12,EM1,0.02079784161684217,1501.5,81.57238,153.87,1.0,0.0,0.25,0.0
Run 12,EM2,0.014598484981052675,1501.5,81.57238,153.87,1.0,0.0,0.25,0.0
Run 12,EM3,0.010398920808421083,1501.5,81.57238,153.87,1.0,0.0,0.25,0.0
Run 12,EM4,0.013331949754386004,1501.5,81.57238,153.87,1.0,0.0,0.25,0.0
Run 12,EM5,0.00659931512842107,1501.5,81.57238,153.87,1.0,0.0,0.25,0.0
Run 12,EM6,0.004132904423859659,1501.5,81.57238,153.87,1.0,0.0,0.25,0.0
Run 12,EM7,0.002333091207017548,1501.5,81.57238,153.87,1.0,0.0,0.25,0.0
Run 12,EM8,0.0013665248498245623,1501.5,81.57238,153.87,1.0,0.0,0.25,0.0
Run 12,EM9,0.0009665663571929824,1501.5,81.57238,153.87,1.0,0.0,0.25,0.0
Run 12,EM10,0.0002999688694736842,1501.5,81.57238,153.87,1.0,0.0,0.25,0.0
Run 12,EM11,0.00043328836701754384,1501.5,81.57238,153.87,1.0,0.0,0.25,0.0
Run 12,EM12,0.00043328836701754384,1501.5,81.57238,153.87,1.0,0.0,0.25,0.0
Run 13,EM0,0.013760740016842384,1759.0,89.28053,327.73,1.0,0.0,0.25,0.0
Run 13,EM1,0.008962772383157916,1759.0,89.28053,327.73,1.0,0.0,0.25,0.0
Run 13,EM2,0.0065004722778947074,1759.0,89.28053,327.73,1.0,0.0,0.25,0.0
Run 13,EM3,0.004544702479999986,1759.0,89.28053,327.73,1.0,0.0,0.25,0.0
Run 13,EM4,0.00555776309473682,1759.0,89.28053,327.73,1.0,0.0,0.25,0.0
Run 13,EM5,0.003053252130526314,1759.0,89.28053,327.73,1.0,0.0,0.25,0.0
Run 13,EM6,0.0018432075073684274,1759.0,89.28053,327.73,1.0,0.0,0.25,0.0
Run 13,EM7,0.0012944663410526338,1759.0,89.28053,327.73,1.0,0.0,0.25,0.0
Run 13,EM8,0.0007175846021052631,1759.0,89.28053,327.73,1.0,0.0,0.25,0.0
Run 13,EM9,0.0004502491621052631,1759.0,89.28053,327.73,1.0,0.0,0.25,0.0
Run 13,EM10,0.000239194867368421,1759.0,89.28053,327.73,1.0,0.0,0.25,0.0
Run 13,EM11,0.00021105429473684207,1759.0,89.28053,327.73,1.0,0.0,0.25,0.0
Run 13,EM12,0.00014070286315789472,1759.0,89.28053,327.73,1.0,0.0,0.25,0.0
Run 14,EM0,0.0005689568875789332,300.29,7.4676,450.11,1.0,0.0,0.25,0.0
Run 14,EM1,0.0003531255938245569,300.29,7.4676,450.11,1.0,0.0,0.25,0.0
Run 14,EM2,0.0002332839590175442,300.29,7.4676,450.11,1.0,0.0,0.25,0.0
Run 14,EM3,0.0001576557428771932,300.29,7.4676,450.11,1.0,0.0,0.25,0.0
Run 14,EM4,0.00018092596322807043,300.29,7.4676,450.11,1.0,0.0,0.25,0.0
Run 14,EM5,0.00010704301361403523,300.29,7.4676,450.11,1.0,0.0,0.25,0.0
Run 14,EM6,6.515661698245621e-05,300.29,7.4676,450.11,1.0,0.0,0.25,0.0
Run 14,EM7,4.0722885614035124e-05,300.29,7.4676,450.11,1.0,0.0,0.25,0.0
Run 14,EM8,2.1524953824561407e-05,300.29,7.4676,450.11,1.0,0.0,0.25,0.0
Run 14,EM9,1.2798621192982451e-05,300.29,7.4676,450.11,1.0,0.0,0.25,0.0
Run 14,EM10,6.981066105263159e-06,300.29,7.4676,450.11,1.0,0.0,0.25,0.0
Run 14,EM11,4.654044070175439e-06,300.29,7.4676,450.11,1.0,0.0,0.25,0.0
Run 14,EM12,3.4905330526315794e-06,300.29,7.4676,450.11,1.0,0.0,0.25,0.0
Run 15,EM0,0.13426107161403616,700.69,22.30238,299.82,1.0,0.0,0.25,0.0
Run 15,EM1,0.0779411675473685,700.69,22.30238,299.82,1.0,0.0,0.25,0.0
Run 15,EM2,0.05614553903859615,700.69,22.30238,299.82,1.0,0.0,0.25,0.0
Run 15,EM3,0.03713975097894719,700.69,22.30238,299.82,1.0,0.0,0.25,0.0
Run 15,EM4,0.03661665589473667,700.69,22.30238,299.82,1.0,0.0,0.25,0.0
Run 15,EM5,0.019354518115789456,700.69,22.30238,299.82,1.0,0.0,0.25,0.0
Run 15,EM6,0.008543886375438603,700.69,22.30238,299.82,1.0,0.0,0.25,0.0
Run 15,EM7,0.005056585814035091,700.69,22.30238,299.82,1.0,0.0,0.25,0.0
Run 15,EM8,0.0015692852526315788,700.69,22.30238,299.82,1.0,0.0,0.25,0.0
Run 15,EM9,0.0015692852526315788,700.69,22.30238,299.82,1.0,0.0,0.25,0.0
Run 15,EM10,0.0005230950842105263,700.69,22.30238,299.82,1.0,0.0,0.25,0.0
Run 15,EM11,0.0005230950842105263,700.69,22.30238,299.82,1.0,0.0,0.25,0.0
Run 15,EM12,0.00017436502807017542,700.69,22.30238,299.82,1.0,0.0,0.25,0.0
Run 16,EM0,0.011784783605263267,1501.5,53.79738,588.03,1.0,0.0,0.25,0.0
Run 16,EM1,0.007348870186666695,1501.5,53.79738,588.03,1.0,0.0,0.25,0.0
Run 16,EM2,0.005451217852280695,1501.5,53.79738,588.03,1.0,0.0,0.25,0.0
Run 16,EM3,0.003674435093333303,1501.5,53.79738,588.03,1.0,0.0,0.25,0.0
Run 16,EM4,0.004387565588421027,1501.5,53.79738,588.03,1.0,0.0,0.25,0.0
Run 16,EM5,0.002308608890877187,1501.5,53.79738,588.03,1.0,0.0,0.25,0.0
Run 16,EM6,0.0014141740326315791,1501.5,53.79738,588.03,1.0,0.0,0.25,0.0
Run 16,EM7,0.0011120000940350878,1501.5,53.79738,588.03,1.0,0.0,0.25,0.0
Run 16,EM8,0.00043513047157894743,1501.5,53.79738,588.03,1.0,0.0,0.25,0.0
Run 16,EM9,0.00030217393859649125,1501.5,53.79738,588.03,1.0,0.0,0.25,0.0
Run 16,EM10,0.00025382610842105265,1501.5,53.79738,588.03,1.0,0.0,0.25,0.0
Run 16,EM11,0.0001450434905263158,1501.5,53.79738,588.03,1.0,0.0,0.25,0.0
Run 16,EM12,6.0434787719298255e-05,1501.5,53.79738,588.03,1.0,0.0,0.25,0.0
Run 17,EM0,0.008433767320000096,1759.0,71.18084,588.03,1.0,0.0,0.25,0.0
Run 17,EM1,0.005901026050526411,1759.0,71.18084,588.03,1.0,0.0,0.25,0.0
Run 17,EM2,0.003934017367017591,1759.0,71.18084,588.03,1.0,0.0,0.25,0.0
Run 17,EM3,0.002767737882105282,1759.0,71.18084,588.03,1.0,0.0,0.25,0.0
Run 17,EM4,0.003037548807719324,1759.0,71.18084,588.03,1.0,0.0,0.25,0.0
Run 17,EM5,0.0017581228056140345,1759.0,71.18084,588.03,1.0,0.0,0.25,0.0
Run 17,EM6,0.0011575759066666663,1759.0,71.18084,588.03,1.0,0.0,0.25,0.0
Run 17,EM7,0.000548325429473684,1759.0,71.18084,588.03,1.0,0.0,0.25,0.0
Run 17,EM8,0.0004351789122807016,1759.0,71.18084,588.03,1.0,0.0,0.25,0.0
Run 17,EM9,0.0002349966126315789,1759.0,71.18084,588.03,1.0,0.0,0.25,0.0
Run 17,EM10,0.00017407156491228067,1759.0,71.18084,588.03,1.0,0.0,0.25,0.0
Run 17,EM11,0.00017407156491228067,1759.0,71.18084,588.03,1.0,0.0,0.25,0.0
Run 17,EM12,6.962862596491229e-05,1759.0,71.18084,588.03,1.0,0.0,0.25,0.0
Run 18,EM0,0.020620991154035026,1501.5,64.64508,450.11,1.0,0.0,0.25,0.0
Run 18,EM1,0.014167424902456293,1501.5,64.64508,450.11,1.0,0.0,0.25,0.0
Run 18,EM2,0.008583025822807011,1501.5,64.64508,450.11,1.0,0.0,0.25,0.0
Run 18,EM3,0.007105441630526295,1501.5,64.64508,450.11,1.0,0.0,0.25,0.0
Run 18,EM4,0.007387920961403485,1501.5,64.64508,450.11,1.0,0.0,0.25,0.0
Run 18,EM5,0.003998168990877207,1501.5,64.64508,450.11,1.0,0.0,0.25,0.0
Run 18,EM6,0.0025640431571929863,1501.5,64.64508,450.11,1.0,0.0,0.25,0.0
Run 18,EM7,0.001412396654385964,1501.5,64.64508,450.11,1.0,0.0,0.25,0.0
Run 18,EM8,0.0011081881442105259,1501.5,64.64508,450.11,1.0,0.0,0.25,0.0
Run 18,EM9,0.00047804194456140377,1501.5,64.64508,450.11,1.0,0.0,0.25,0.0
Run 18,EM10,0.0003693960480701756,1501.5,64.64508,450.11,1.0,0.0,0.25,0.0
Run 18,EM11,0.00034766686877192994,1501.5,64.64508,450.11,1.0,0.0,0.25,0.0
Run 18,EM12,0.00023902097228070175,1501.5,64.64508,450.11,1.0,0.0,0.25,0.0
Run 19,EM0,0.0246921586736837,1000.1,31.18145,450.11,1.0,0.0,0.25,0.0
Run 19,EM1,0.015212640286315816,1000.1,31.18145,450.11,1.0,0.0,0.25,0.0
Run 19,EM2,0.010501262884210544,1000.1,31.18145,450.11,1.0,0.0,0.25,0.0
Run 19,EM3,0.007152211477894749,1000.1,31.18145,450.11,1.0,0.0,0.25,0.0
Run 19,EM4,0.009195700471578963,1000.1,31.18145,450.11,1.0,0.0,0.25,0.0
Run 19,EM5,0.005193867858947377,1000.1,31.18145,450.11,1.0,0.0,0.25,0.0
Run 19,EM6,0.0023840704926315825,1000.1,31.18145,450.11,1.0,0.0,0.25,0.0
Run 19,EM7,0.0013907077873684228,1000.1,31.18145,450.11,1.0,0.0,0.25,0.0
Run 19,EM8,0.0009933627052631589,1000.1,31.18145,450.11,1.0,0.0,0.25,0.0
Run 19,EM9,0.0003973450821052632,1000.1,31.18145,450.11,1.0,0.0,0.25,0.0
Run 19,EM10,8.514537473684211e-05,1000.1,31.18145,450.11,1.0,0.0,0.25,0.0
Run 19,EM11,5.676358315789474e-05,1000.1,31.18145,450.11,1.0,0.0,0.25,0.0
Run 19,EM12,0.00017029074947368423,1000.1,31.18145,450.11,1.0,0.0,0.25,0.0
Run 20,EM0,0.09000756399999914,300.29,7.4676,153.87,1.0,0.0,0.25,0.0
Run 20,EM1,0.05021474623157912,300.29,7.4676,153.87,1.0,0.0,0.25,0.0
Run 20,EM2,0.02889716528421061,300.29,7.4676,153.87,1.0,0.0,0.25,0.0
Run 20,EM3,0.018633144828070214,300.29,7.4676,153.87,1.0,0.0,0.25,0.0
Run 20,EM4,0.018001512800000036,300.29,7.4676,153.87,1.0,0.0,0.25,0.0
Run 20,EM5,0.010737744477192989,300.29,7.4676,153.87,1.0,0.0,0.25,0.0
Run 20,EM6,0.0037897921684210507,300.29,7.4676,153.87,1.0,0.0,0.25,0.0
Run 20,EM7,0.0017369880771929825,300.29,7.4676,153.87,1.0,0.0,0.25,0.0
Run 20,EM8,0.001105356049122807,300.29,7.4676,153.87,1.0,0.0,0.25,0.0
Run 20,EM9,0.00015790800701754386,300.29,7.4676,153.87,1.0,0.0,0.25,0.0
Run 20,EM10,0.00015790800701754386,300.29,7.4676,153.87,1.0,0.0,0.25,0.0
Run 20,EM11,0.00015790800701754386,300.29,7.4676,153.87,1.0,0.0,0.25,0.0
Run 20,EM12,0.0,300.29,7.4676,153.87,1.0,0.0,0.25,0.0
Run 21,EM0,0.00015356244940350767,300.29,7.4676,588.03,1.0,0.0,0.25,0.0
Run 21,EM1,9.530370571228149e-05,300.29,7.4676,588.03,1.0,0.0,0.25,0.0
Run 21,EM2,6.949888174035131e-05,300.29,7.4676,588.03,1.0,0.0,0.25,0.0
Run 21,EM3,4.844341187368436e-05,300.29,7.4676,588.03,1.0,0.0,0.25,0.0
Run 21,EM4,6.395796861754422e-05,300.29,7.4676,588.03,1.0,0.0,0.25,0.0
Run 21,EM5,2.8337812828070093e-05,300.29,7.4676,588.03,1.0,0.0,0.25,0.0
Run 21,EM6,2.0263910849122786e-05,300.29,7.4676,588.03,1.0,0.0,0.25,0.0
Run 21,EM7,1.3614815101754396e-05,300.29,7.4676,588.03,1.0,0.0,0.25,0.0
Run 21,EM8,6.965719354385959e-06,300.29,7.4676,588.03,1.0,0.0,0.25,0.0
Run 21,EM9,6.015848533333329e-06,300.29,7.4676,588.03,1.0,0.0,0.25,0.0
Run 21,EM10,3.324547873684211e-06,300.29,7.4676,588.03,1.0,0.0,0.25,0.0
Run 21,EM11,2.058053445614035e-06,300.29,7.4676,588.03,1.0,0.0,0.25,0.0
Run 21,EM12,1.5831180350877194e-06,300.29,7.4676,588.03,1.0,0.0,0.25,0.0
Run 22,EM0,0.0006624157151929941,464.262,12.24455,450.11,1.0,0.0,0.25,0.0
Run 22,EM1,0.0004177148006315834,464.262,12.24455,450.11,1.0,0.0,0.25,0.0
Run 22,EM2,0.00029088390407017617,464.262,12.24455,450.11,1.0,0.0,0.25,0.0
Run 22,EM3,0.00018335336133333332,464.262,12.24455,450.11,1.0,0.0,0.25,0.0
Run 22,EM4,0.0002460795112631573,464.262,12.24455,450.11,1.0,0.0,0.25,0.0
Run 22,EM5,0.00012407370315789532,464.262,12.24455,450.11,1.0,0.0,0.25,0.0
Run 22,EM6,7.237632684210537e-05,464.262,12.24455,450.11,1.0,0.0,0.25,0.0
Run 22,EM7,5.100807796491228e-05,464.262,12.24455,450.11,1.0,0.0,0.25,0.0
Run 22,EM8,2.550403898245614e-05,464.262,12.24455,450.11,1.0,0.0,0.25,0.0
Run 22,EM9,1.585386207017544e-05,464.262,12.24455,450.11,1.0,0.0,0.25,0.0
Run 22,EM10,1.171807196491228e-05,464.262,12.24455,450.11,1.0,0.0,0.25,0.0
Run 22,EM11,5.514386807017544e-06,464.262,12.24455,450.11,1.0,0.0,0.25,0.0
Run 22,EM12,4.825088456140351e-06,464.262,12.24455,450.11,1.0,0.0,0.25,0.0
Run 23,EM0,0.008624942145263109,2017.4,111.4242,153.87,1.0,0.0,0.25,0.0
Run 23,EM1,0.005435122043508742,2017.4,111.4242,153.87,1.0,0.0,0.25,0.0
Run 23,EM2,0.0033306693010526148,2017.4,111.4242,153.87,1.0,0.0,0.25,0.0
Run 23,EM3,0.0025518560814034967,2017.4,111.4242,153.87,1.0,0.0,0.25,0.0
Run 23,EM4,0.0034715185003508595,2017.4,111.4242,153.87,1.0,0.0,0.25,0.0
Run 23,EM5,0.0018144690968420975,2017.4,111.4242,153.87,1.0,0.0,0.25,0.0
Run 23,EM6,0.001143364088421049,2017.4,111.4242,153.87,1.0,0.0,0.25,0.0
Run 23,EM7,0.0006628197614035079,2017.4,111.4242,153.87,1.0,0.0,0.25,0.0
Run 23,EM8,0.00033969512771929835,2017.4,111.4242,153.87,1.0,0.0,0.25,0.0
Run 23,EM9,0.0003314098807017545,2017.4,111.4242,153.87,1.0,0.0,0.25,0.0
Run 23,EM10,0.0001325639522807018,2017.4,111.4242,153.87,1.0,0.0,0.25,0.0
Run 23,EM11,0.00011599345824561407,2017.4,111.4242,153.87,1.0,0.0,0.25,0.0
Run 23,EM12,0.00010770821122807021,2017.4,111.4242,153.87,1.0,0.0,0.25,0.0
Run 24,EM0,0.006537172218245537,2017.4,98.12211,450.11,1.0,0.0,0.25,0.0
Run 24,EM1,0.004003936997894709,2017.4,98.12211,450.11,1.0,0.0,0.25,0.0
Run 24,EM2,0.0029802767298245532,2017.4,98.12211,450.11,1.0,0.0,0.25,0.0
Run 24,EM3,0.001995489636491239,2017.4,98.12211,450.11,1.0,0.0,0.25,0.0
Run 24,EM4,0.002565629532631579,2017.4,98.12211,450.11,1.0,0.0,0.25,0.0
Run 24,EM5,0.0015419692645614097,2017.4,98.12211,450.11,1.0,0.0,0.25,0.0
Run 24,EM6,0.0009847870933333317,2017.4,98.12211,450.11,1.0,0.0,0.25,0.0
Run 24,EM7,0.0006090130708771922,2017.4,98.12211,450.11,1.0,0.0,0.25,0.0
Run 24,EM8,0.00037577402245614013,2017.4,98.12211,450.11,1.0,0.0,0.25,0.0
Run 24,EM9,0.00016197156140350882,2017.4,98.12211,450.11,1.0,0.0,0.25,0.0
Run 24,EM10,0.00016197156140350882,2017.4,98.12211,450.11,1.0,0.0,0.25,0.0
Run 24,EM11,0.0001036617992982456,2017.4,98.12211,450.11,1.0,0.0,0.25,0.0
Run 24,EM12,7.126748701754387e-05,2017.4,98.12211,450.11,1.0,0.0,0.25,0.0
Run 25,EM0,0.03203735691228089,1501.5,83.32514,83.132,1.0,0.0,0.25,0.0
Run 25,EM1,0.0199885248561405,1501.5,83.32514,83.132,1.0,0.0,0.25,0.0
Run 25,EM2,0.014207871326315883,1501.5,83.32514,83.132,1.0,0.0,0.25,0.0
Run 25,EM3,0.010098732070175491,1501.5,83.32514,83.132,1.0,0.0,0.25,0.0
Run 25,EM4,0.013093528477193065,1501.5,83.32514,83.132,1.0,0.0,0.25,0.0
Run 25,EM5,0.006860173164912302,1501.5,83.32514,83.132,1.0,0.0,0.25,0.0
Run 25,EM6,0.0037957303298245546,1501.5,83.32514,83.132,1.0,0.0,0.25,0.0
Run 25,EM7,0.001497398203508771,1501.5,83.32514,83.132,1.0,0.0,0.25,0.0
Run 25,EM8,0.0017063374877192969,1501.5,83.32514,83.132,1.0,0.0,0.25,0.0
Run 25,EM9,0.00121881249122807,1501.5,83.32514,83.132,1.0,0.0,0.25,0.0
Run 25,EM10,0.00048752499649122827,1501.5,83.32514,83.132,1.0,0.0,0.25,0.0
Run 25,EM11,0.00027858571228070184,1501.5,83.32514,83.132,1.0,0.0,0.25,0.0
Run 25,EM12,0.00010446964210526317,1501.5,83.32514,83.132,1.0,0.0,0.25,0.0
Run 26,EM0,0.0053492045214034315,2017.4,90.6724,558.45,1.0,0.0,0.25,0.0
Run 26,EM1,0.00389083658736837,2017.4,90.6724,558.45,1.0,0.0,0.25,0.0
Run 26,EM2,0.0028555066799999676,2017.4,90.6724,558.45,1.0,0.0,0.25,0.0
Run 26,EM3,0.0019036711199999846,2017.4,90.6724,558.45,1.0,0.0,0.25,0.0
Run 26,EM4,0.0022654799585964695,2017.4,90.6724,558.45,1.0,0.0,0.25,0.0
Run 26,EM5,0.0014138376154385899,2017.4,90.6724,558.45,1.0,0.0,0.25,0.0
Run 26,EM6,0.0008739075024561414,2017.4,90.6724,558.45,1.0,0.0,0.25,0.0
Run 26,EM7,0.0005287975333333339,2017.4,90.6724,558.45,1.0,0.0,0.25,0.0
Run 26,EM8,0.00032841109964912307,2017.4,90.6724,558.45,1.0,0.0,0.25,0.0
Run 26,EM9,0.0001558561150877193,2017.4,90.6724,558.45,1.0,0.0,0.25,0.0
Run 26,EM10,0.00013359095578947366,2017.4,90.6724,558.45,1.0,0.0,0.25,0.0
Run 26,EM11,6.679547789473684e-05,2017.4,90.6724,558.45,1.0,0.0,0.25,0.0
Run 26,EM12,6.679547789473684e-05,2017.4,90.6724,558.45,1.0,0.0,0.25,0.0
Run 27,EM0,0.00023431614353333654,464.262,12.24455,558.45,1.0,0.0,0.25,0.0
Run 27,EM1,0.0001414566786666663,464.262,12.24455,558.45,1.0,0.0,0.25,0.0
Run 27,EM2,9.810705133333274e-05,464.262,12.24455,558.45,1.0,0.0,0.25,0.0
Run 27,EM3,6.160210200000017e-05,464.262,12.24455,558.45,1.0,0.0,0.25,0.0
Run 27,EM4,8.213613599999974e-05,464.262,12.24455,558.45,1.0,0.0,0.25,0.0
Run 27,EM5,4.608749853333339e-05,464.262,12.24455,558.45,1.0,0.0,0.25,0.0
Run 27,EM6,2.78350238666666e-05,464.262,12.24455,558.45,1.0,0.0,0.25,0.0
Run 27,EM7,1.5058291600000013e-05,464.262,12.24455,558.45,1.0,0.0,0.25,0.0
Run 27,EM8,7.529145800000004e-06,464.262,12.24455,558.45,1.0,0.0,0.25,0.0
Run 27,EM9,6.844678000000003e-06,464.262,12.24455,558.45,1.0,0.0,0.25,0.0
Run 27,EM10,4.334962733333333e-06,464.262,12.24455,558.45,1.0,0.0,0.25,0.0
Run 27,EM11,2.966027133333333e-06,464.262,12.24455,558.45,1.0,0.0,0.25,0.0
Run 27,EM12,9.126237333333334e-07,464.262,12.24455,558.45,1.0,0.0,0.25,0.0
Run 28,EM0,0.0006432589165614084,1000.1,28.98844,558.45,1.0,0.0,0.25,0.0
Run 28,EM1,0.0004173974613333293,1000.1,28.98844,558.45,1.0,0.0,0.25,0.0
Run 28,EM2,0.00030343697024561164,1000.1,28.98844,558.45,1.0,0.0,0.25,0.0
Run 28,EM3,0.00021830985642105145,1000.1,28.98844,558.45,1.0,0.0,0.25,0.0
Run 28,EM4,0.00023409956301754245,1000.1,28.98844,558.45,1.0,0.0,0.25,0.0
Run 28,EM5,0.0001228851078596493,1000.1,28.98844,558.45,1.0,0.0,0.25,0.0
Run 28,EM6,7.276995214035082e-05,1000.1,28.98844,558.45,1.0,0.0,0.25,0.0
Run 28,EM7,4.256355691228066e-05,1000.1,28.98844,558.45,1.0,0.0,0.25,0.0
Run 28,EM8,2.6773850315789483e-05,1000.1,28.98844,558.45,1.0,0.0,0.25,0.0
Run 28,EM9,2.402781438596492e-05,1000.1,28.98844,558.45,1.0,0.0,0.25,0.0
Run 28,EM10,1.7162724561403513e-05,1000.1,28.98844,558.45,1.0,0.0,0.25,0.0
Run 28,EM11,8.238107789473686e-06,1000.1,28.98844,558.45,1.0,0.0,0.25,0.0
Run 28,EM12,4.119053894736842e-06,1000.1,28.98844,558.45,1.0,0.0,0.25,0.0
Run 29,EM0,0.02639652633333324,1501.5,73.23156,327.73,1.0,0.0,0.25,0.0
Run 29,EM1,0.01761620810035082,1501.5,73.23156,327.73,1.0,0.0,0.25,0.0
Run 29,EM2,0.011586685769473649,1501.5,73.23156,327.73,1.0,0.0,0.25,0.0
Run 29,EM3,0.007668885545263139,1501.5,73.23156,327.73,1.0,0.0,0.25,0.0
Run 29,EM4,0.010336323995789444,1501.5,73.23156,327.73,1.0,0.0,0.25,0.0
Run 29,EM5,0.005557163438596481,1501.5,73.23156,327.73,1.0,0.0,0.25,0.0
Run 29,EM6,0.0027507959021052636,1501.5,73.23156,327.73,1.0,0.0,0.25,0.0
Run 29,EM7,0.0018060781175438627,1501.5,73.23156,327.73,1.0,0.0,0.25,0.0
Run 29,EM8,0.0013059334080701766,1501.5,73.23156,327.73,1.0,0.0,0.25,0.0
Run 29,EM9,0.0005835021610526316,1501.5,73.23156,327.73,1.0,0.0,0.25,0.0
Run 29,EM10,0.000611287978245614,1501.5,73.23156,327.73,1.0,0.0,0.25,0.0
Run 29,EM11,0.00027785817192982457,1501.5,73.23156,327.73,1.0,0.0,0.25,0.0
Run 29,EM12,8.335745157894737e-05,1501.5,73.23156,327.73,1.0,0.0,0.25,0.0
Run 30,EM0,0.00872671347087739,2017.4,112.7368,83.132,1.0,0.0,0.25,0.0
Run 30,EM1,0.005522910198596544,2017.4,112.7368,83.132,1.0,0.0,0.25,0.0
Run 30,EM2,0.004071321048421041,2017.4,112.7368,83.132,1.0,0.0,0.25,0.0
Run 30,EM3,0.002825874736140338,2017.4,112.7368,83.132,1.0,0.0,0.25,0.0
Run 30,EM4,0.0033755889705262996,2017.4,112.7368,83.132,1.0,0.0,0.25,0.0
Run 30,EM5,0.0019927140996491145,2017.4,112.7368,83.132,1.0,0.0,0.25,0.0
Run 30,EM6,0.0011423748933333299,2017.4,112.7368,83.132,1.0,0.0,0.25,0.0
Run 30,EM7,0.0006527856533333327,2017.4,112.7368,83.132,1.0,0.0,0.25,0.0
Run 30,EM8,0.0004122856757894739,2017.4,112.7368,83.132,1.0,0.0,0.25,0.0
Run 30,EM9,0.000292035687017544,2017.4,112.7368,83.132,1.0,0.0,0.25,0.0
Run 30,EM10,0.00022332140771929833,2017.4,112.7368,83.132,1.0,0.0,0.25,0.0
Run 30,EM11,0.00012883927368421055,2017.4,112.7368,83.132,1.0,0.0,0.25,0.0
Run 30,EM12,0.00012024998877192986,2017.4,112.7368,83.132,1.0,0.0,0.25,0.0
Run 31,EM0,1.1290618019999832,464.262,17.41387,153.87,1.0,0.0,0.25,0.0
Run 31,EM1,0.6266563111578921,464.262,17.41387,153.87,1.0,0.0,0.25,0.0
Run 31,EM2,0.3601473052631585,464.262,17.41387,153.87,1.0,0.0,0.25,0.0
Run 31,EM3,0.2034832274736845,464.262,17.41387,153.87,1.0,0.0,0.25,0.0
Run 31,EM4,0.24670090410526355,464.262,17.41387,153.87,1.0,0.0,0.25,0.0
Run 31,EM5,0.11164566463157903,464.262,17.41387,153.87,1.0,0.0,0.25,0.0
Run 31,EM6,0.03781546705263158,464.262,17.41387,153.87,1.0,0.0,0.25,0.0
Run 31,EM7,0.01620662873684211,464.262,17.41387,153.87,1.0,0.0,0.25,0.0
Run 31,EM8,0.007202946105263158,464.262,17.41387,153.87,1.0,0.0,0.25,0.0
Run 31,EM9,0.009003682631578948,464.262,17.41387,153.87,1.0,0.0,0.25,0.0
Run 31,EM10,0.0,464.262,17.41387,153.87,1.0,0.0,0.25,0.0
Run 31,EM11,0.0,464.262,17.41387,153.87,1.0,0.0,0.25,0.0
Run 31,EM12,0.0,464.262,17.41387,153.87,1.0,0.0,0.25,0.0
Run 32,EM0,0.00017179139010526384,464.262,12.24455,588.03,1.0,0.0,0.25,0.0
Run 32,EM1,0.00011108710052631453,464.262,12.24455,588.03,1.0,0.0,0.25,0.0
Run 32,EM2,8.222194842105228e-05,464.262,12.24455,588.03,1.0,0.0,0.25,0.0
Run 32,EM3,5.248209473684235e-05,464.262,12.24455,588.03,1.0,0.0,0.25,0.0
Run 32,EM4,6.910142473684216e-05,464.262,12.24455,588.03,1.0,0.0,0.25,0.0
Run 32,EM5,3.988639200000015e-05,464.262,12.24455,588.03,1.0,0.0,0.25,0.0
Run 32,EM6,2.0992837894736858e-05,464.262,12.24455,588.03,1.0,0.0,0.25,0.0
Run 32,EM7,1.539474778947366e-05,464.262,12.24455,588.03,1.0,0.0,0.25,0.0
Run 32,EM8,7.5224335789473596e-06,464.262,12.24455,588.03,1.0,0.0,0.25,0.0
Run 32,EM9,5.073269157894734e-06,464.262,12.24455,588.03,1.0,0.0,0.25,0.0
Run 32,EM10,2.799045052631579e-06,464.262,12.24455,588.03,1.0,0.0,0.25,0.0
Run 32,EM11,1.9243434736842103e-06,464.262,12.24455,588.03,1.0,0.0,0.25,0.0
Run 32,EM12,2.2742241052631577e-06,464.262,12.24455,588.03,1.0,0.0,0.25,0.0
Run 33,EM0,0.01420683160000005,1501.5,56.11702,558.45,1.0,0.0,0.25,0.0
Run 33,EM1,0.009317840968421084,1501.5,56.11702,558.45,1.0,0.0,0.25,0.0
Run 33,EM2,0.005579201073684229,1501.5,56.11702,558.45,1.0,0.0,0.25,0.0
Run 33,EM3,0.003968710042105275,1501.5,56.11702,558.45,1.0,0.0,0.25,0.0
Run 33,EM4,0.005119060778947385,1501.5,56.11702,558.45,1.0,0.0,0.25,0.0
Run 33,EM5,0.003091567605263167,1501.5,56.11702,558.45,1.0,0.0,0.25,0.0
Run 33,EM6,0.0015673528789473723,1501.5,56.11702,558.45,1.0,0.0,0.25,0.0
Run 33,EM7,0.001092833200000002,1501.5,56.11702,558.45,1.0,0.0,0.25,0.0
Run 33,EM8,0.0005895547526315792,1501.5,56.11702,558.45,1.0,0.0,0.25,0.0
Run 33,EM9,0.00031634645263157893,1501.5,56.11702,558.45,1.0,0.0,0.25,0.0
Run 33,EM10,0.00025882891578947367,1501.5,56.11702,558.45,1.0,0.0,0.25,0.0
Run 33,EM11,0.00023007014736842104,1501.5,56.11702,558.45,1.0,0.0,0.25,0.0
Run 33,EM12,0.00014379384210526315,1501.5,56.11702,558.45,1.0,0.0,0.25,0.0
Run 34,EM0,0.0009965660750175292,700.69,19.72901,450.11,1.0,0.0,0.25,0.0
Run 34,EM1,0.0006651340774035051,700.69,19.72901,450.11,1.0,0.0,0.25,0.0
Run 34,EM2,0.00045855659943859934,700.69,19.72901,450.11,1.0,0.0,0.25,0.0
Run 34,EM3,0.0003087311758596506,700.69,19.72901,450.11,1.0,0.0,0.25,0.0
Run 34,EM4,0.00040974983266666906,700.69,19.72901,450.11,1.0,0.0,0.25,0.0
Run 34,EM5,0.00020657747796491282,700.69,19.72901,450.11,1.0,0.0,0.25,0.0
Run 34,EM6,0.0001146391498596489,700.69,19.72901,450.11,1.0,0.0,0.25,0.0
Run 34,EM7,6.242725982456132e-05,700.69,19.72901,450.11,1.0,0.0,0.25,0.0
Run 34,EM8,2.724098610526316e-05,700.69,19.72901,450.11,1.0,0.0,0.25,0.0
Run 34,EM9,3.2916191543859646e-05,700.69,19.72901,450.11,1.0,0.0,0.25,0.0
Run 34,EM10,1.0215369789473685e-05,700.69,19.72901,450.11,1.0,0.0,0.25,0.0
Run 34,EM11,1.4755534140350879e-05,700.69,19.72901,450.11,1.0,0.0,0.25,0.0
Run 34,EM12,5.6752054385964915e-06,700.69,19.72901,450.11,1.0,0.0,0.25,0.0
Run 35,EM0,0.14776995119298364,1000.1,51.83979,153.87,1.0,0.0,0.25,0.0
Run 35,EM1,0.09634881615789546,1000.1,51.83979,153.87,1.0,0.0,0.25,0.0
Run 35,EM2,0.06037157150877233,1000.1,51.83979,153.87,1.0,0.0,0.25,0.0
Run 35,EM3,0.04510317987719324,1000.1,51.83979,153.87,1.0,0.0,0.25,0.0
Run 35,EM4,0.04685816742105291,1000.1,51.83979,153.87,1.0,0.0,0.25,0.0
Run 35,EM5,0.028430798210526423,1000.1,51.83979,153.87,1.0,0.0,0.25,0.0
Run 35,EM6,0.014741895368421045,1000.1,51.83979,153.87,1.0,0.0,0.25,0.0
Run 35,EM7,0.007195448929824559,1000.1,51.83979,153.87,1.0,0.0,0.25,0.0
Run 35,EM8,0.005089463877192981,1000.1,51.83979,153.87,1.0,0.0,0.25,0.0
Run 35,EM9,0.0021059850526315795,1000.1,51.83979,153.87,1.0,0.0,0.25,0.0
Run 35,EM10,0.0014039900350877195,1000.1,51.83979,153.87,1.0,0.0,0.25,0.0
Run 35,EM11,0.0007019950175438597,1000.1,51.83979,153.87,1.0,0.0,0.25,0.0
Run 35,EM12,0.0005264962631578948,1000.1,51.83979,153.87,1.0,0.0,0.25,0.0
Run 36,EM0,0.00020590229478947017,300.29,7.4676,558.45,1.0,0.0,0.25,0.0
Run 36,EM1,0.00012948283612631602,300.29,7.4676,558.45,1.0,0.0,0.25,0.0
Run 36,EM2,8.359018534736834e-05,300.29,7.4676,558.45,1.0,0.0,0.25,0.0
Run 36,EM3,6.269263901052588e-05,300.29,7.4676,558.45,1.0,0.0,0.25,0.0
Run 36,EM4,7.273165636842079e-05,300.29,7.4676,558.45,1.0,0.0,0.25,0.0
Run 36,EM5,4.486826125263137e-05,300.29,7.4676,558.45,1.0,0.0,0.25,0.0
Run 36,EM6,2.4995104442105277e-05,300.29,7.4676,558.45,1.0,0.0,0.25,0.0
Run 36,EM7,1.5570720800000008e-05,300.29,7.4676,558.45,1.0,0.0,0.25,0.0
Run 36,EM8,7.990238305263162e-06,300.29,7.4676,558.45,1.0,0.0,0.25,0.0
Run 36,EM9,4.507313915789475e-06,300.29,7.4676,558.45,1.0,0.0,0.25,0.0
Run 36,EM10,3.892680200000001e-06,300.29,7.4676,558.45,1.0,0.0,0.25,0.0
Run 36,EM11,1.639023242105263e-06,300.29,7.4676,558.45,1.0,0.0,0.25,0.0
Run 36,EM12,1.4341453368421052e-06,300.29,7.4676,558.45,1.0,0.0,0.25,0.0
Run 37,EM0,0.01527339338105246,1759.0,90.76078,299.82,1.0,0.0,0.25,0.0
Run 37,EM1,0.008895016031578997,1759.0,90.76078,299.82,1.0,0.0,0.25,0.0
Run 37,EM2,0.005973401009824601,1759.0,90.76078,299.82,1.0,0.0,0.25,0.0
Run 37,EM3,0.004006373074385955,1759.0,90.76078,299.82,1.0,0.0,0.25,0.0
Run 37,EM4,0.005655205314385996,1759.0,90.76078,299.82,1.0,0.0,0.25,0.0
Run 37,EM5,0.003051785988070167,1759.0,90.76078,299.82,1.0,0.0,0.25,0.0
Run 37,EM6,0.0020827354610526276,1759.0,90.76078,299.82,1.0,0.0,0.25,0.0
Run 37,EM7,0.0012293924596491227,1759.0,90.76078,299.82,1.0,0.0,0.25,0.0
Run 37,EM8,0.000838879560701755,1759.0,90.76078,299.82,1.0,0.0,0.25,0.0
Run 37,EM9,0.00046283010245614005,1759.0,90.76078,299.82,1.0,0.0,0.25,0.0
Run 37,EM10,0.0002748053733333332,1759.0,90.76078,299.82,1.0,0.0,0.25,0.0
Run 37,EM11,0.00020248816982456133,1759.0,90.76078,299.82,1.0,0.0,0.25,0.0
Run 37,EM12,5.785376280701754e-05,1759.0,90.76078,299.82,1.0,0.0,0.25,0.0
Run 38,EM0,0.11269527487719368,1000.1,42.58706,299.82,1.0,0.0,0.25,0.0
Run 38,EM1,0.06860789261754326,1000.1,42.58706,299.82,1.0,0.0,0.25,0.0
Run 38,EM2,0.045201950912280374,1000.1,42.58706,299.82,1.0,0.0,0.25,0.0
Run 38,EM3,0.030464876505263198,1000.1,42.58706,299.82,1.0,0.0,0.25,0.0
Run 38,EM4,0.03195096804210529,1000.1,42.58706,299.82,1.0,0.0,0.25,0.0
Run 38,EM5,0.017709257480701776,1000.1,42.58706,299.82,1.0,0.0,0.25,0.0
Run 38,EM6,0.010402640757894748,1000.1,42.58706,299.82,1.0,0.0,0.25,0.0
Run 38,EM7,0.006935093838596498,1000.1,42.58706,299.82,1.0,0.0,0.25,0.0
Run 38,EM8,0.002600660189473685,1000.1,42.58706,299.82,1.0,0.0,0.25,0.0
Run 38,EM9,0.002105296343859649,1000.1,42.58706,299.82,1.0,0.0,0.25,0.0
Run 38,EM10,0.0013622505754385963,1000.1,42.58706,299.82,1.0,0.0,0.25,0.0
Run 38,EM11,0.0006192048070175439,1000.1,42.58706,299.82,1.0,0.0,0.25,0.0
Run 38,EM12,0.00024768192280701757,1000.1,42.58706,299.82,1.0,0.0,0.25,0.0
Run 39,EM0,0.00735229607298257,2017.4,106.3485,299.82,1.0,0.0,0.25,0.0
Run 39,EM1,0.005095277052631593,2017.4,106.3485,299.82,1.0,0.0,0.25,0.0
Run 39,EM2,0.0034119484856140036,2017.4,106.3485,299.82,1.0,0.0,0.25,0.0
Run 39,EM3,0.0024759272196491038,2017.4,106.3485,299.82,1.0,0.0,0.25,0.0
Run 39,EM4,0.0031175547003508496,2017.4,106.3485,299.82,1.0,0.0,0.25,0.0
Run 39,EM5,0.0016380372154385886,2017.4,106.3485,299.82,1.0,0.0,0.25,0.0
Run 39,EM6,0.0010492496449122806,2017.4,106.3485,299.82,1.0,0.0,0.25,0.0
Run 39,EM7,0.0006114332463157899,2017.4,106.3485,299.82,1.0,0.0,0.25,0.0
Run 39,EM8,0.000324588019649123,2017.4,106.3485,299.82,1.0,0.0,0.25,0.0
Run 39,EM9,0.00021890819929824568,2017.4,106.3485,299.82,1.0,0.0,0.25,0.0
Run 39,EM10,0.00015097117192982456,2017.4,106.3485,299.82,1.0,0.0,0.25,0.0
Run 39,EM11,0.00012832549614035085,2017.4,106.3485,299.82,1.0,0.0,0.25,0.0
Run 39,EM12,9.058270315789472e-05,2017.4,106.3485,299.82,1.0,0.0,0.25,0.0
Run 40,EM0,0.00028404041174736586,700.69,19.72901,558.45,1.0,0.0,0.25,0.0
Run 40,EM1,0.00019027358771929687,700.69,19.72901,558.45,1.0,0.0,0.25,0.0
Run 40,EM2,0.00013456148123508705,700.69,19.72901,558.45,1.0,0.0,0.25,0.0
Run 40,EM3,8.158931441403508e-05,700.69,19.72901,558.45,1.0,0.0,0.25,0.0
Run 40,EM4,0.0001156863413333329,700.69,19.72901,558.45,1.0,0.0,0.25,0.0
Run 40,EM5,6.119198581052657e-05,700.69,19.72901,558.45,1.0,0.0,0.25,0.0
Run 40,EM6,4.018578172631585e-05,700.69,19.72901,558.45,1.0,0.0,0.25,0.0
Run 40,EM7,2.37461437473684e-05,700.69,19.72901,558.45,1.0,0.0,0.25,0.0
Run 40,EM8,1.643963797894736e-05,700.69,19.72901,558.45,1.0,0.0,0.25,0.0
Run 40,EM9,8.828694470175442e-06,700.69,19.72901,558.45,1.0,0.0,0.25,0.0
Run 40,EM10,6.088754807017546e-06,700.69,19.72901,558.45,1.0,0.0,0.25,0.0
Run 40,EM11,3.6532528842105262e-06,700.69,19.72901,558.45,1.0,0.0,0.25,0.0
Run 40,EM12,2.1310641824561405e-06,700.69,19.72901,558.45,1.0,0.0,0.25,0.0
Run 41,EM0,0.004734561930526408,464.262,12.24455,299.82,1.0,0.0,0.25,0.0
Run 41,EM1,0.0029605697431579255,464.262,12.24455,299.82,1.0,0.0,0.25,0.0
Run 41,EM2,0.002120566820000002,464.262,12.24455,299.82,1.0,0.0,0.25,0.0
Run 41,EM3,0.0013158087747368397,464.262,12.24455,299.82,1.0,0.0,0.25,0.0
Run 41,EM4,0.0016741316999999967,464.262,12.24455,299.82,1.0,0.0,0.25,0.0
Run 41,EM5,0.0006402819484210519,464.262,12.24455,299.82,1.0,0.0,0.25,0.0
Run 41,EM6,0.0004405609736842103,464.262,12.24455,299.82,1.0,0.0,0.25,0.0
Run 41,EM7,0.00023496585263157918,464.262,12.24455,299.82,1.0,0.0,0.25,0.0
Run 41,EM8,0.00017035024315789483,464.262,12.24455,299.82,1.0,0.0,0.25,0.0
Run 41,EM9,7.636390210526316e-05,464.262,12.24455,299.82,1.0,0.0,0.25,0.0
Run 41,EM10,3.524487789473684e-05,464.262,12.24455,299.82,1.0,0.0,0.25,0.0
Run 41,EM11,1.762243894736842e-05,464.262,12.24455,299.82,1.0,0.0,0.25,0.0
Run 41,EM12,1.1748292631578947e-05,464.262,12.24455,299.82,1.0,0.0,0.25,0.0
Run 42,EM0,0.05172558402105202,700.69,20.54978,327.73,1.0,0.0,0.25,0.0
Run 42,EM1,0.03360126521052603,700.69,20.54978,327.73,1.0,0.0,0.25,0.0
Run 42,EM2,0.02104321659649117,700.69,20.54978,327.73,1.0,0.0,0.25,0.0
Run 42,EM3,0.015748471775438633,700.69,20.54978,327.73,1.0,0.0,0.25,0.0
Run 42,EM4,0.015476946400000038,700.69,20.54978,327.73,1.0,0.0,0.25,0.0
Run 42,EM5,0.008485167982456127,700.69,20.54978,327.73,1.0,0.0,0.25,0.0
Run 42,EM6,0.0037334739122807043,700.69,20.54978,327.73,1.0,0.0,0.25,0.0
Run 42,EM7,0.0020364403157894745,700.69,20.54978,327.73,1.0,0.0,0.25,0.0
Run 42,EM8,0.001153982845614035,700.69,20.54978,327.73,1.0,0.0,0.25,0.0
Run 42,EM9,0.0006109320947368421,700.69,20.54978,327.73,1.0,0.0,0.25,0.0
Run 42,EM10,0.0004751694070175439,700.69,20.54978,327.73,1.0,0.0,0.25,0.0
Run 42,EM11,6.788134385964912e-05,700.69,20.54978,327.73,1.0,0.0,0.25,0.0
Run 42,EM12,0.00013576268771929825,700.69,20.54978,327.73,1.0,0.0,0.25,0.0
Run 43,EM0,0.00043429741263157354,1000.1,28.98844,588.03,1.0,0.0,0.25,0.0
Run 43,EM1,0.000254648282105265,1000.1,28.98844,588.03,1.0,0.0,0.25,0.0
Run 43,EM2,0.00018008517210526404,1000.1,28.98844,588.03,1.0,0.0,0.25,0.0
Run 43,EM3,0.0001273241410526313,1000.1,28.98844,588.03,1.0,0.0,0.25,0.0
Run 43,EM4,0.000156974968421053,1000.1,28.98844,588.03,1.0,0.0,0.25,0.0
Run 43,EM5,9.33128978947367e-05,1000.1,28.98844,588.03,1.0,0.0,0.25,0.0
Run 43,EM6,5.4505197368421175e-05,1000.1,28.98844,588.03,1.0,0.0,0.25,0.0
Run 43,EM7,3.095895210526313e-05,1000.1,28.98844,588.03,1.0,0.0,0.25,0.0
Run 43,EM8,1.4825413684210519e-05,1000.1,28.98844,588.03,1.0,0.0,0.25,0.0
Run 43,EM9,6.9766652631578975e-06,1000.1,28.98844,588.03,1.0,0.0,0.25,0.0
Run 43,EM10,5.6685405263157915e-06,1000.1,28.98844,588.03,1.0,0.0,0.25,0.0
Run 43,EM11,6.10458210526316e-06,1000.1,28.98844,588.03,1.0,0.0,0.25,0.0
Run 43,EM12,2.1802078947368424e-06,1000.1,28.98844,588.03,1.0,0.0,0.25,0.0
Run 44,EM0,0.4612280122105326,700.69,33.20596,153.87,1.0,0.0,0.25,0.0
Run 44,EM1,0.2729840334736868,700.69,33.20596,153.87,1.0,0.0,0.25,0.0
Run 44,EM2,0.1876386926315799,700.69,33.20596,153.87,1.0,0.0,0.25,0.0
Run 44,EM3,0.10289863789473663,700.69,33.20596,153.87,1.0,0.0,0.25,0.0
Run 44,EM4,0.12347836547368393,700.69,33.20596,153.87,1.0,0.0,0.25,0.0
Run 44,EM5,0.05931803831578941,700.69,33.20596,153.87,1.0,0.0,0.25,0.0
Run 44,EM6,0.029659019157894765,700.69,33.20596,153.87,1.0,0.0,0.25,0.0
Run 44,EM7,0.0157374387368421,700.69,33.20596,153.87,1.0,0.0,0.25,0.0
Run 44,EM8,0.009079291578947367,700.69,33.20596,153.87,1.0,0.0,0.25,0.0
Run 44,EM9,0.0036317166315789477,700.69,33.20596,153.87,1.0,0.0,0.25,0.0
Run 44,EM10,0.0024211444210526316,700.69,33.20596,153.87,1.0,0.0,0.25,0.0
Run 44,EM11,0.0012105722105263158,700.69,33.20596,153.87,1.0,0.0,0.25,0.0
Run 44,EM12,0.0006052861052631579,700.69,33.20596,153.87,1.0,0.0,0.25,0.0
Run 45,EM0,0.09920222592982575,1000.1,40.41849,327.73,1.0,0.0,0.25,0.0
Run 45,EM1,0.05712303998596549,1000.1,40.41849,327.73,1.0,0.0,0.25,0.0
Run 45,EM2,0.04011694411228103,1000.1,40.41849,327.73,1.0,0.0,0.25,0.0
Run 45,EM3,0.02692631846666681,1000.1,40.41849,327.73,1.0,0.0,0.25,0.0
Run 45,EM4,0.03564739327368448,1000.1,40.41849,327.73,1.0,0.0,0.25,0.0
Run 45,EM5,0.01569793465263156,1000.1,40.41849,327.73,1.0,0.0,0.25,0.0
Run 45,EM6,0.009593182287719288,1000.1,40.41849,327.73,1.0,0.0,0.25,0.0
Run 45,EM7,0.005450671754385961,1000.1,40.41849,327.73,1.0,0.0,0.25,0.0
Run 45,EM8,0.003161389617543858,1000.1,40.41849,327.73,1.0,0.0,0.25,0.0
Run 45,EM9,0.0017442149614035091,1000.1,40.41849,327.73,1.0,0.0,0.25,0.0
Run 45,EM10,0.0005450671754385965,1000.1,40.41849,327.73,1.0,0.0,0.25,0.0
Run 45,EM11,0.0008721074807017542,1000.1,40.41849,327.73,1.0,0.0,0.25,0.0
Run 45,EM12,0.00043605374035087717,1000.1,40.41849,327.73,1.0,0.0,0.25,0.0
Run 46,EM0,0.0031173435708771575,300.29,7.4676,299.82,1.0,0.0,0.25,0.0
Run 46,EM1,0.0018163185870175604,300.29,7.4676,299.82,1.0,0.0,0.25,0.0
Run 46,EM2,0.0011731152242105344,300.29,7.4676,299.82,1.0,0.0,0.25,0.0
Run 46,EM3,0.0008844046238596535,300.29,7.4676,299.82,1.0,0.0,0.25,0.0
Run 46,EM4,0.0009611504796491282,300.29,7.4676,299.82,1.0,0.0,0.25,0.0
Run 46,EM5,0.0005335664259649121,300.29,7.4676,299.82,1.0,0.0,0.25,0.0
Run 46,EM6,0.0003106379877192978,300.29,7.4676,299.82,1.0,0.0,0.25,0.0
Run 46,EM7,0.00011329150140350868,300.29,7.4676,299.82,1.0,0.0,0.25,0.0
Run 46,EM8,7.309129122807015e-05,300.29,7.4676,299.82,1.0,0.0,0.25,0.0
Run 46,EM9,4.385477473684211e-05,300.29,7.4676,299.82,1.0,0.0,0.25,0.0
Run 46,EM10,5.1163903859649125e-05,300.29,7.4676,299.82,1.0,0.0,0.25,0.0
Run 46,EM11,2.5581951929824562e-05,300.29,7.4676,299.82,1.0,0.0,0.25,0.0
Run 46,EM12,1.4618258245614036e-05,300.29,7.4676,299.82,1.0,0.0,0.25,0.0
Run 47,EM0,0.01183574110526295,1759.0,81.58058,450.11,1.0,0.0,0.25,0.0
Run 47,EM1,0.007239568000000049,1759.0,81.58058,450.11,1.0,0.0,0.25,0.0
Run 47,EM2,0.004953388631578978,1759.0,81.58058,450.11,1.0,0.0,0.25,0.0
Run 47,EM3,0.00361978400000002,1759.0,81.58058,450.11,1.0,0.0,0.25,0.0
Run 47,EM4,0.0047390593157895025,1759.0,81.58058,450.11,1.0,0.0,0.25,0.0
Run 47,EM5,0.0029053529473684354,1759.0,81.58058,450.11,1.0,0.0,0.25,0.0
Run 47,EM6,0.0015360267631578982,1759.0,81.58058,450.11,1.0,0.0,0.25,0.0
Run 47,EM7,0.0008454100789473676,1759.0,81.58058,450.11,1.0,0.0,0.25,0.0
Run 47,EM8,0.0006668023157894731,1759.0,81.58058,450.11,1.0,0.0,0.25,0.0
Run 47,EM9,0.0004048442631578944,1759.0,81.58058,450.11,1.0,0.0,0.25,0.0
Run 47,EM10,0.0003453083421052629,1759.0,81.58058,450.11,1.0,0.0,0.25,0.0
Run 47,EM11,0.0002143293157894736,1759.0,81.58058,450.11,1.0,0.0,0.25,0.0
Run 47,EM12,0.00014288621052631578,1759.0,81.58058,450.11,1.0,0.0,0.25,0.0
Run 48,EM0,4.13508616140346,300.29,12.06724,83.132,1.0,0.0,0.25,0.0
Run 48,EM1,2.413651614035079,300.29,12.06724,83.132,1.0,0.0,0.25,0.0
Run 48,EM2,1.1567311508771936,300.29,12.06724,83.132,1.0,0.0,0.25,0.0
Run 48,EM3,0.7832982596491233,300.29,12.06724,83.132,1.0,0.0,0.25,0.0
Run 48,EM4,0.6284602315789477,300.29,12.06724,83.132,1.0,0.0,0.25,0.0
Run 48,EM5,0.2003786245614036,300.29,12.06724,83.132,1.0,0.0,0.25,0.0
Run 48,EM6,0.05464871578947368,300.29,12.06724,83.132,1.0,0.0,0.25,0.0
Run 48,EM7,0.02732435789473684,300.29,12.06724,83.132,1.0,0.0,0.25,0.0
Run 48,EM8,0.009108119298245614,300.29,12.06724,83.132,1.0,0.0,0.25,0.0
Run 48,EM9,0.0,300.29,12.06724,83.132,1.0,0.0,0.25,0.0
Run 48,EM10,0.0,300.29,12.06724,83.132,1.0,0.0,0.25,0.0
Run 48,EM11,0.0,300.29,12.06724,83.132,1.0,0.0,0.25,0.0
Run 48,EM12,0.0,300.29,12.06724,83.132,1.0,0.0,0.25,0.0
Run 49,EM0,0.009795484715789449,1759.0,73.50727,558.45,1.0,0.0,0.25,0.0
Run 49,EM1,0.005617719957894765,1759.0,73.50727,558.45,1.0,0.0,0.25,0.0
Run 49,EM2,0.003855669515789451,1759.0,73.50727,558.45,1.0,0.0,0.25,0.0
Run 49,EM3,0.0029462241263157806,1759.0,73.50727,558.45,1.0,0.0,0.25,0.0
Run 49,EM4,0.004026190526315769,1759.0,73.50727,558.45,1.0,0.0,0.25,0.0
Run 49,EM5,0.0020936190736842147,1759.0,73.50727,558.45,1.0,0.0,0.25,0.0
Run 49,EM6,0.001136806736842105,1759.0,73.50727,558.45,1.0,0.0,0.25,0.0
Run 49,EM7,0.0008052381052631571,1759.0,73.50727,558.45,1.0,0.0,0.25,0.0
Run 49,EM8,0.0004926162526315794,1759.0,73.50727,558.45,1.0,0.0,0.25,0.0
Run 49,EM9,0.0003315686315789475,1759.0,73.50727,558.45,1.0,0.0,0.25,0.0
Run 49,EM10,0.00022736134736842098,1759.0,73.50727,558.45,1.0,0.0,0.25,0.0
Run 49,EM11,9.473389473684211e-05,1759.0,73.50727,558.45,1.0,0.0,0.25,0.0
Run 49,EM12,8.52605052631579e-05,1759.0,73.50727,558.45,1.0,0.0,0.25,0.0
